,pw,x1,x2,x3,x4
0,1,cT1_Wagon_not_cT2_SUV_BMW,cT1_Wagon,cT2_SUV_BMW,0
1,1,cT1_Wagon__cT2_SUV_BMW,cT1_Wagon,cT2_SUV_BMW,1
2,1,not_cT1_Wagon__cT2_SUV_BMW,cT1_Wagon,cT2_SUV_BMW,2
3,1,cT1_Wagon_not_cT2_BMW,cT1_Wagon,cT2_BMW,0
4,1,cT1_Wagon__cT2_BMW,cT1_Wagon,cT2_BMW,1
5,1,not_cT1_Wagon__cT2_BMW,cT1_Wagon,cT2_BMW,2
6,1,cT1_Wagon_not_cT2_Audi,cT1_Wagon,cT2_Audi,0
7,1,cT1_Wagon__cT2_Audi,cT1_Wagon,cT2_Audi,1
8,1,not_cT1_Wagon__cT2_Audi,cT1_Wagon,cT2_Audi,2
9,1,cT1_SUV_not_cT2_SUV_BMW,cT1_SUV,cT2_SUV_BMW,0
10,1,cT1_SUV__cT2_SUV_BMW,cT1_SUV,cT2_SUV_BMW,1
11,1,not_cT1_SUV__cT2_SUV_BMW,cT1_SUV,cT2_SUV_BMW,2
12,1,cT1_SUV_not_cT2_BMW,cT1_SUV,cT2_BMW,0
13,1,cT1_SUV__cT2_BMW,cT1_SUV,cT2_BMW,1
14,1,not_cT1_SUV__cT2_BMW,cT1_SUV,cT2_BMW,2
15,1,cT1_SUV_not_cT2_Sedan_Audi,cT1_SUV,cT2_Sedan_Audi,0
16,1,cT1_SUV__cT2_Sedan_Audi,cT1_SUV,cT2_Sedan_Audi,1
17,1,not_cT1_SUV__cT2_Sedan_Audi,cT1_SUV,cT2_Sedan_Audi,2
18,1,cT1_SUV_not_cT2_SUV_Audi,cT1_SUV,cT2_SUV_Audi,0
19,1,cT1_SUV__cT2_SUV_Audi,cT1_SUV,cT2_SUV_Audi,1
20,1,not_cT1_SUV__cT2_SUV_Audi,cT1_SUV,cT2_SUV_Audi,2
21,1,cT1_SUV_not_cT2_Audi,cT1_SUV,cT2_Audi,0
22,1,cT1_SUV__cT2_Audi,cT1_SUV,cT2_Audi,1
23,1,not_cT1_SUV__cT2_Audi,cT1_SUV,cT2_Audi,2
24,1,cT1_Sedan_not_cT2_SUV_BMW,cT1_Sedan,cT2_SUV_BMW,0
25,1,cT1_Sedan__cT2_SUV_BMW,cT1_Sedan,cT2_SUV_BMW,1
26,1,not_cT1_Sedan__cT2_SUV_BMW,cT1_Sedan,cT2_SUV_BMW,2
27,1,cT1_Sedan_not_cT2_BMW,cT1_Sedan,cT2_BMW,0
28,1,cT1_Sedan__cT2_BMW,cT1_Sedan,cT2_BMW,1
29,1,not_cT1_Sedan__cT2_BMW,cT1_Sedan,cT2_BMW,2
30,1,cT1_Sedan_not_cT2_Sedan_Audi,cT1_Sedan,cT2_Sedan_Audi,0
31,1,cT1_Sedan__cT2_Sedan_Audi,cT1_Sedan,cT2_Sedan_Audi,1
32,1,not_cT1_Sedan__cT2_Sedan_Audi,cT1_Sedan,cT2_Sedan_Audi,2
33,1,cT1_Sedan_not_cT2_SUV_Audi,cT1_Sedan,cT2_SUV_Audi,0
34,1,cT1_Sedan__cT2_SUV_Audi,cT1_Sedan,cT2_SUV_Audi,1
35,1,not_cT1_Sedan__cT2_SUV_Audi,cT1_Sedan,cT2_SUV_Audi,2
36,1,cT1_Sedan_not_cT2_Audi,cT1_Sedan,cT2_Audi,0
37,1,cT1_Sedan__cT2_Audi,cT1_Sedan,cT2_Audi,1
38,1,not_cT1_Sedan__cT2_Audi,cT1_Sedan,cT2_Audi,2
39,1,cT1_Sedan_Audi_not_cT2_SUV_BMW,cT1_Sedan_Audi,cT2_SUV_BMW,0
40,1,cT1_Sedan_Audi__cT2_SUV_BMW,cT1_Sedan_Audi,cT2_SUV_BMW,1
41,1,not_cT1_Sedan_Audi__cT2_SUV_BMW,cT1_Sedan_Audi,cT2_SUV_BMW,2
42,1,cT1_Sedan_Audi_not_cT2_BMW,cT1_Sedan_Audi,cT2_BMW,0
43,1,cT1_Sedan_Audi__cT2_BMW,cT1_Sedan_Audi,cT2_BMW,1
44,1,not_cT1_Sedan_Audi__cT2_BMW,cT1_Sedan_Audi,cT2_BMW,2
45,1,cT1_Sedan_Audi_not_cT2_Sedan_Audi,cT1_Sedan_Audi,cT2_Sedan_Audi,0
46,1,cT1_Sedan_Audi__cT2_Sedan_Audi,cT1_Sedan_Audi,cT2_Sedan_Audi,1
47,1,not_cT1_Sedan_Audi__cT2_Sedan_Audi,cT1_Sedan_Audi,cT2_Sedan_Audi,2
48,1,cT1_Sedan_Audi_not_cT2_SUV_Audi,cT1_Sedan_Audi,cT2_SUV_Audi,0
49,1,cT1_Sedan_Audi__cT2_SUV_Audi,cT1_Sedan_Audi,cT2_SUV_Audi,1
50,1,not_cT1_Sedan_Audi__cT2_SUV_Audi,cT1_Sedan_Audi,cT2_SUV_Audi,2
51,1,cT1_Sedan_Audi_not_cT2_Audi,cT1_Sedan_Audi,cT2_Audi,0
52,1,cT1_Sedan_Audi__cT2_Audi,cT1_Sedan_Audi,cT2_Audi,1
53,1,not_cT1_Sedan_Audi__cT2_Audi,cT1_Sedan_Audi,cT2_Audi,2
54,2,cT1_Wagon_not_cT2_SUV_BMW,cT1_Wagon,cT2_SUV_BMW,0
55,2,cT1_Wagon__cT2_SUV_BMW,cT1_Wagon,cT2_SUV_BMW,1
56,2,not_cT1_Wagon__cT2_SUV_BMW,cT1_Wagon,cT2_SUV_BMW,2
57,2,cT1_Wagon_not_cT2_BMW,cT1_Wagon,cT2_BMW,0
58,2,cT1_Wagon__cT2_BMW,cT1_Wagon,cT2_BMW,1
59,2,not_cT1_Wagon__cT2_BMW,cT1_Wagon,cT2_BMW,2
60,2,cT1_Wagon_not_cT2_Audi,cT1_Wagon,cT2_Audi,0
61,2,cT1_Wagon__cT2_Audi,cT1_Wagon,cT2_Audi,1
62,2,not_cT1_Wagon__cT2_Audi,cT1_Wagon,cT2_Audi,2
63,2,cT1_SUV_not_cT2_SUV_BMW,cT1_SUV,cT2_SUV_BMW,0
64,2,cT1_SUV__cT2_SUV_BMW,cT1_SUV,cT2_SUV_BMW,1
65,2,not_cT1_SUV__cT2_SUV_BMW,cT1_SUV,cT2_SUV_BMW,2
66,2,cT1_SUV_not_cT2_BMW,cT1_SUV,cT2_BMW,0
67,2,cT1_SUV__cT2_BMW,cT1_SUV,cT2_BMW,1
68,2,not_cT1_SUV__cT2_BMW,cT1_SUV,cT2_BMW,2
69,2,cT1_SUV_not_cT2_Sedan_Audi,cT1_SUV,cT2_Sedan_Audi,0
70,2,cT1_SUV__cT2_Sedan_Audi,cT1_SUV,cT2_Sedan_Audi,1
71,2,not_cT1_SUV__cT2_Sedan_Audi,cT1_SUV,cT2_Sedan_Audi,2
72,2,cT1_SUV_not_cT2_SUV_Audi,cT1_SUV,cT2_SUV_Audi,0
73,2,cT1_SUV__cT2_SUV_Audi,cT1_SUV,cT2_SUV_Audi,1
74,2,not_cT1_SUV__cT2_SUV_Audi,cT1_SUV,cT2_SUV_Audi,2
75,2,cT1_SUV_not_cT2_Audi,cT1_SUV,cT2_Audi,0
76,2,cT1_SUV__cT2_Audi,cT1_SUV,cT2_Audi,1
77,2,not_cT1_SUV__cT2_Audi,cT1_SUV,cT2_Audi,2
78,2,cT1_Sedan_not_cT2_SUV_BMW,cT1_Sedan,cT2_SUV_BMW,0
79,2,cT1_Sedan__cT2_SUV_BMW,cT1_Sedan,cT2_SUV_BMW,1
80,2,not_cT1_Sedan__cT2_SUV_BMW,cT1_Sedan,cT2_SUV_BMW,2
81,2,cT1_Sedan_not_cT2_BMW,cT1_Sedan,cT2_BMW,0
82,2,cT1_Sedan__cT2_BMW,cT1_Sedan,cT2_BMW,1
83,2,not_cT1_Sedan__cT2_BMW,cT1_Sedan,cT2_BMW,2
84,2,cT1_Sedan_not_cT2_Sedan_Audi,cT1_Sedan,cT2_Sedan_Audi,0
85,2,cT1_Sedan__cT2_Sedan_Audi,cT1_Sedan,cT2_Sedan_Audi,1
86,2,not_cT1_Sedan__cT2_Sedan_Audi,cT1_Sedan,cT2_Sedan_Audi,2
87,2,cT1_Sedan_not_cT2_SUV_Audi,cT1_Sedan,cT2_SUV_Audi,0
88,2,cT1_Sedan__cT2_SUV_Audi,cT1_Sedan,cT2_SUV_Audi,1
89,2,not_cT1_Sedan__cT2_SUV_Audi,cT1_Sedan,cT2_SUV_Audi,2
90,2,cT1_Sedan_not_cT2_Audi,cT1_Sedan,cT2_Audi,0
91,2,cT1_Sedan__cT2_Audi,cT1_Sedan,cT2_Audi,1
92,2,not_cT1_Sedan__cT2_Audi,cT1_Sedan,cT2_Audi,2
93,2,cT1_Sedan_Audi_not_cT2_SUV_BMW,cT1_Sedan_Audi,cT2_SUV_BMW,0
94,2,cT1_Sedan_Audi__cT2_SUV_BMW,cT1_Sedan_Audi,cT2_SUV_BMW,1
95,2,not_cT1_Sedan_Audi__cT2_SUV_BMW,cT1_Sedan_Audi,cT2_SUV_BMW,2
96,2,cT1_Sedan_Audi_not_cT2_BMW,cT1_Sedan_Audi,cT2_BMW,0
97,2,cT1_Sedan_Audi__cT2_BMW,cT1_Sedan_Audi,cT2_BMW,1
98,2,not_cT1_Sedan_Audi__cT2_BMW,cT1_Sedan_Audi,cT2_BMW,2
99,2,cT1_Sedan_Audi_not_cT2_Sedan_Audi,cT1_Sedan_Audi,cT2_Sedan_Audi,0
100,2,cT1_Sedan_Audi__cT2_Sedan_Audi,cT1_Sedan_Audi,cT2_Sedan_Audi,1
101,2,not_cT1_Sedan_Audi__cT2_Sedan_Audi,cT1_Sedan_Audi,cT2_Sedan_Audi,2
102,2,cT1_Sedan_Audi_not_cT2_SUV_Audi,cT1_Sedan_Audi,cT2_SUV_Audi,0
103,2,cT1_Sedan_Audi__cT2_SUV_Audi,cT1_Sedan_Audi,cT2_SUV_Audi,1
104,2,not_cT1_Sedan_Audi__cT2_SUV_Audi,cT1_Sedan_Audi,cT2_SUV_Audi,2
105,2,cT1_Sedan_Audi_not_cT2_Audi,cT1_Sedan_Audi,cT2_Audi,0
106,2,cT1_Sedan_Audi__cT2_Audi,cT1_Sedan_Audi,cT2_Audi,1
107,2,not_cT1_Sedan_Audi__cT2_Audi,cT1_Sedan_Audi,cT2_Audi,2
108,3,cT1_Wagon_not_cT2_SUV_BMW,cT1_Wagon,cT2_SUV_BMW,0
109,3,cT1_Wagon__cT2_SUV_BMW,cT1_Wagon,cT2_SUV_BMW,1
110,3,not_cT1_Wagon__cT2_SUV_BMW,cT1_Wagon,cT2_SUV_BMW,2
111,3,cT1_Wagon_not_cT2_BMW,cT1_Wagon,cT2_BMW,0
112,3,cT1_Wagon__cT2_BMW,cT1_Wagon,cT2_BMW,1
113,3,not_cT1_Wagon__cT2_BMW,cT1_Wagon,cT2_BMW,2
114,3,cT1_Wagon_not_cT2_Audi,cT1_Wagon,cT2_Audi,0
115,3,cT1_Wagon__cT2_Audi,cT1_Wagon,cT2_Audi,1
116,3,not_cT1_Wagon__cT2_Audi,cT1_Wagon,cT2_Audi,2
117,3,cT1_SUV_not_cT2_SUV_BMW,cT1_SUV,cT2_SUV_BMW,0
118,3,cT1_SUV__cT2_SUV_BMW,cT1_SUV,cT2_SUV_BMW,1
119,3,not_cT1_SUV__cT2_SUV_BMW,cT1_SUV,cT2_SUV_BMW,2
120,3,cT1_SUV_not_cT2_BMW,cT1_SUV,cT2_BMW,0
121,3,cT1_SUV__cT2_BMW,cT1_SUV,cT2_BMW,1
122,3,not_cT1_SUV__cT2_BMW,cT1_SUV,cT2_BMW,2
123,3,cT1_SUV_not_cT2_Sedan_Audi,cT1_SUV,cT2_Sedan_Audi,0
124,3,cT1_SUV__cT2_Sedan_Audi,cT1_SUV,cT2_Sedan_Audi,1
125,3,not_cT1_SUV__cT2_Sedan_Audi,cT1_SUV,cT2_Sedan_Audi,2
126,3,cT1_SUV_not_cT2_SUV_Audi,cT1_SUV,cT2_SUV_Audi,0
127,3,cT1_SUV__cT2_SUV_Audi,cT1_SUV,cT2_SUV_Audi,1
128,3,not_cT1_SUV__cT2_SUV_Audi,cT1_SUV,cT2_SUV_Audi,2
129,3,cT1_SUV_not_cT2_Audi,cT1_SUV,cT2_Audi,0
130,3,cT1_SUV__cT2_Audi,cT1_SUV,cT2_Audi,1
131,3,not_cT1_SUV__cT2_Audi,cT1_SUV,cT2_Audi,2
132,3,cT1_Sedan_not_cT2_SUV_BMW,cT1_Sedan,cT2_SUV_BMW,0
133,3,cT1_Sedan__cT2_SUV_BMW,cT1_Sedan,cT2_SUV_BMW,1
134,3,not_cT1_Sedan__cT2_SUV_BMW,cT1_Sedan,cT2_SUV_BMW,2
135,3,cT1_Sedan_not_cT2_BMW,cT1_Sedan,cT2_BMW,0
136,3,cT1_Sedan__cT2_BMW,cT1_Sedan,cT2_BMW,1
137,3,not_cT1_Sedan__cT2_BMW,cT1_Sedan,cT2_BMW,2
138,3,cT1_Sedan_not_cT2_Sedan_Audi,cT1_Sedan,cT2_Sedan_Audi,0
139,3,cT1_Sedan__cT2_Sedan_Audi,cT1_Sedan,cT2_Sedan_Audi,1
140,3,not_cT1_Sedan__cT2_Sedan_Audi,cT1_Sedan,cT2_Sedan_Audi,2
141,3,cT1_Sedan_not_cT2_SUV_Audi,cT1_Sedan,cT2_SUV_Audi,0
142,3,cT1_Sedan__cT2_SUV_Audi,cT1_Sedan,cT2_SUV_Audi,1
143,3,not_cT1_Sedan__cT2_SUV_Audi,cT1_Sedan,cT2_SUV_Audi,2
144,3,cT1_Sedan_not_cT2_Audi,cT1_Sedan,cT2_Audi,0
145,3,cT1_Sedan__cT2_Audi,cT1_Sedan,cT2_Audi,1
146,3,not_cT1_Sedan__cT2_Audi,cT1_Sedan,cT2_Audi,2
147,3,cT1_Sedan_Audi_not_cT2_SUV_BMW,cT1_Sedan_Audi,cT2_SUV_BMW,0
148,3,cT1_Sedan_Audi__cT2_SUV_BMW,cT1_Sedan_Audi,cT2_SUV_BMW,1
149,3,not_cT1_Sedan_Audi__cT2_SUV_BMW,cT1_Sedan_Audi,cT2_SUV_BMW,2
150,3,cT1_Sedan_Audi_not_cT2_BMW,cT1_Sedan_Audi,cT2_BMW,0
151,3,cT1_Sedan_Audi__cT2_BMW,cT1_Sedan_Audi,cT2_BMW,1
152,3,not_cT1_Sedan_Audi__cT2_BMW,cT1_Sedan_Audi,cT2_BMW,2
153,3,cT1_Sedan_Audi_not_cT2_Sedan_Audi,cT1_Sedan_Audi,cT2_Sedan_Audi,0
154,3,cT1_Sedan_Audi__cT2_Sedan_Audi,cT1_Sedan_Audi,cT2_Sedan_Audi,1
155,3,not_cT1_Sedan_Audi__cT2_Sedan_Audi,cT1_Sedan_Audi,cT2_Sedan_Audi,2
156,3,cT1_Sedan_Audi_not_cT2_SUV_Audi,cT1_Sedan_Audi,cT2_SUV_Audi,0
157,3,cT1_Sedan_Audi__cT2_SUV_Audi,cT1_Sedan_Audi,cT2_SUV_Audi,1
158,3,not_cT1_Sedan_Audi__cT2_SUV_Audi,cT1_Sedan_Audi,cT2_SUV_Audi,2
159,3,cT1_Sedan_Audi_not_cT2_Audi,cT1_Sedan_Audi,cT2_Audi,0
160,3,cT1_Sedan_Audi__cT2_Audi,cT1_Sedan_Audi,cT2_Audi,1
161,3,not_cT1_Sedan_Audi__cT2_Audi,cT1_Sedan_Audi,cT2_Audi,2
162,4,cT1_Wagon_not_cT2_SUV_BMW,cT1_Wagon,cT2_SUV_BMW,0
163,4,cT1_Wagon__cT2_SUV_BMW,cT1_Wagon,cT2_SUV_BMW,1
164,4,not_cT1_Wagon__cT2_SUV_BMW,cT1_Wagon,cT2_SUV_BMW,2
165,4,cT1_Wagon_not_cT2_BMW,cT1_Wagon,cT2_BMW,0
166,4,cT1_Wagon__cT2_BMW,cT1_Wagon,cT2_BMW,1
167,4,not_cT1_Wagon__cT2_BMW,cT1_Wagon,cT2_BMW,2
168,4,cT1_Wagon_not_cT2_Audi,cT1_Wagon,cT2_Audi,0
169,4,cT1_Wagon__cT2_Audi,cT1_Wagon,cT2_Audi,1
170,4,not_cT1_Wagon__cT2_Audi,cT1_Wagon,cT2_Audi,2
171,4,cT1_SUV_not_cT2_SUV_BMW,cT1_SUV,cT2_SUV_BMW,0
172,4,cT1_SUV__cT2_SUV_BMW,cT1_SUV,cT2_SUV_BMW,1
173,4,not_cT1_SUV__cT2_SUV_BMW,cT1_SUV,cT2_SUV_BMW,2
174,4,cT1_SUV_not_cT2_BMW,cT1_SUV,cT2_BMW,0
175,4,cT1_SUV__cT2_BMW,cT1_SUV,cT2_BMW,1
176,4,not_cT1_SUV__cT2_BMW,cT1_SUV,cT2_BMW,2
177,4,cT1_SUV_not_cT2_Sedan_Audi,cT1_SUV,cT2_Sedan_Audi,0
178,4,cT1_SUV__cT2_Sedan_Audi,cT1_SUV,cT2_Sedan_Audi,1
179,4,not_cT1_SUV__cT2_Sedan_Audi,cT1_SUV,cT2_Sedan_Audi,2
180,4,cT1_SUV_not_cT2_SUV_Audi,cT1_SUV,cT2_SUV_Audi,0
181,4,cT1_SUV__cT2_SUV_Audi,cT1_SUV,cT2_SUV_Audi,1
182,4,not_cT1_SUV__cT2_SUV_Audi,cT1_SUV,cT2_SUV_Audi,2
183,4,cT1_SUV_not_cT2_Audi,cT1_SUV,cT2_Audi,0
184,4,cT1_SUV__cT2_Audi,cT1_SUV,cT2_Audi,1
185,4,not_cT1_SUV__cT2_Audi,cT1_SUV,cT2_Audi,2
186,4,cT1_Sedan_not_cT2_SUV_BMW,cT1_Sedan,cT2_SUV_BMW,0
187,4,cT1_Sedan__cT2_SUV_BMW,cT1_Sedan,cT2_SUV_BMW,1
188,4,not_cT1_Sedan__cT2_SUV_BMW,cT1_Sedan,cT2_SUV_BMW,2
189,4,cT1_Sedan_not_cT2_BMW,cT1_Sedan,cT2_BMW,0
190,4,cT1_Sedan__cT2_BMW,cT1_Sedan,cT2_BMW,1
191,4,not_cT1_Sedan__cT2_BMW,cT1_Sedan,cT2_BMW,2
192,4,cT1_Sedan_not_cT2_Sedan_Audi,cT1_Sedan,cT2_Sedan_Audi,0
193,4,cT1_Sedan__cT2_Sedan_Audi,cT1_Sedan,cT2_Sedan_Audi,1
194,4,not_cT1_Sedan__cT2_Sedan_Audi,cT1_Sedan,cT2_Sedan_Audi,2
195,4,cT1_Sedan_not_cT2_SUV_Audi,cT1_Sedan,cT2_SUV_Audi,0
196,4,cT1_Sedan__cT2_SUV_Audi,cT1_Sedan,cT2_SUV_Audi,1
197,4,not_cT1_Sedan__cT2_SUV_Audi,cT1_Sedan,cT2_SUV_Audi,2
198,4,cT1_Sedan_not_cT2_Audi,cT1_Sedan,cT2_Audi,0
199,4,cT1_Sedan__cT2_Audi,cT1_Sedan,cT2_Audi,1
200,4,not_cT1_Sedan__cT2_Audi,cT1_Sedan,cT2_Audi,2
201,4,cT1_Sedan_Audi_not_cT2_SUV_BMW,cT1_Sedan_Audi,cT2_SUV_BMW,0
202,4,cT1_Sedan_Audi__cT2_SUV_BMW,cT1_Sedan_Audi,cT2_SUV_BMW,1
203,4,not_cT1_Sedan_Audi__cT2_SUV_BMW,cT1_Sedan_Audi,cT2_SUV_BMW,2
204,4,cT1_Sedan_Audi_not_cT2_BMW,cT1_Sedan_Audi,cT2_BMW,0
205,4,cT1_Sedan_Audi__cT2_BMW,cT1_Sedan_Audi,cT2_BMW,1
206,4,not_cT1_Sedan_Audi__cT2_BMW,cT1_Sedan_Audi,cT2_BMW,2
207,4,cT1_Sedan_Audi_not_cT2_Sedan_Audi,cT1_Sedan_Audi,cT2_Sedan_Audi,0
208,4,cT1_Sedan_Audi__cT2_Sedan_Audi,cT1_Sedan_Audi,cT2_Sedan_Audi,1
209,4,not_cT1_Sedan_Audi__cT2_Sedan_Audi,cT1_Sedan_Audi,cT2_Sedan_Audi,2
210,4,cT1_Sedan_Audi_not_cT2_SUV_Audi,cT1_Sedan_Audi,cT2_SUV_Audi,0
211,4,cT1_Sedan_Audi__cT2_SUV_Audi,cT1_Sedan_Audi,cT2_SUV_Audi,1
212,4,not_cT1_Sedan_Audi__cT2_SUV_Audi,cT1_Sedan_Audi,cT2_SUV_Audi,2
213,4,cT1_Sedan_Audi_not_cT2_Audi,cT1_Sedan_Audi,cT2_Audi,0
214,4,cT1_Sedan_Audi__cT2_Audi,cT1_Sedan_Audi,cT2_Audi,1
215,4,not_cT1_Sedan_Audi__cT2_Audi,cT1_Sedan_Audi,cT2_Audi,2
216,5,cT1_Wagon_not_cT2_SUV_BMW,cT1_Wagon,cT2_SUV_BMW,0
217,5,cT1_Wagon__cT2_SUV_BMW,cT1_Wagon,cT2_SUV_BMW,1
218,5,not_cT1_Wagon__cT2_SUV_BMW,cT1_Wagon,cT2_SUV_BMW,2
219,5,cT1_Wagon_not_cT2_BMW,cT1_Wagon,cT2_BMW,0
220,5,cT1_Wagon__cT2_BMW,cT1_Wagon,cT2_BMW,1
221,5,not_cT1_Wagon__cT2_BMW,cT1_Wagon,cT2_BMW,2
222,5,cT1_Wagon_not_cT2_Audi,cT1_Wagon,cT2_Audi,0
223,5,cT1_Wagon__cT2_Audi,cT1_Wagon,cT2_Audi,1
224,5,not_cT1_Wagon__cT2_Audi,cT1_Wagon,cT2_Audi,2
225,5,cT1_SUV_not_cT2_SUV_BMW,cT1_SUV,cT2_SUV_BMW,0
226,5,cT1_SUV__cT2_SUV_BMW,cT1_SUV,cT2_SUV_BMW,1
227,5,not_cT1_SUV__cT2_SUV_BMW,cT1_SUV,cT2_SUV_BMW,2
228,5,cT1_SUV_not_cT2_BMW,cT1_SUV,cT2_BMW,0
229,5,cT1_SUV__cT2_BMW,cT1_SUV,cT2_BMW,1
230,5,not_cT1_SUV__cT2_BMW,cT1_SUV,cT2_BMW,2
231,5,cT1_SUV_not_cT2_Sedan_Audi,cT1_SUV,cT2_Sedan_Audi,0
232,5,cT1_SUV__cT2_Sedan_Audi,cT1_SUV,cT2_Sedan_Audi,1
233,5,not_cT1_SUV__cT2_Sedan_Audi,cT1_SUV,cT2_Sedan_Audi,2
234,5,cT1_SUV_not_cT2_SUV_Audi,cT1_SUV,cT2_SUV_Audi,0
235,5,cT1_SUV__cT2_SUV_Audi,cT1_SUV,cT2_SUV_Audi,1
236,5,not_cT1_SUV__cT2_SUV_Audi,cT1_SUV,cT2_SUV_Audi,2
237,5,cT1_SUV_not_cT2_Audi,cT1_SUV,cT2_Audi,0
238,5,cT1_SUV__cT2_Audi,cT1_SUV,cT2_Audi,1
239,5,not_cT1_SUV__cT2_Audi,cT1_SUV,cT2_Audi,2
240,5,cT1_Sedan_not_cT2_SUV_BMW,cT1_Sedan,cT2_SUV_BMW,0
241,5,cT1_Sedan__cT2_SUV_BMW,cT1_Sedan,cT2_SUV_BMW,1
242,5,not_cT1_Sedan__cT2_SUV_BMW,cT1_Sedan,cT2_SUV_BMW,2
243,5,cT1_Sedan_not_cT2_BMW,cT1_Sedan,cT2_BMW,0
244,5,cT1_Sedan__cT2_BMW,cT1_Sedan,cT2_BMW,1
245,5,not_cT1_Sedan__cT2_BMW,cT1_Sedan,cT2_BMW,2
246,5,cT1_Sedan_not_cT2_Sedan_Audi,cT1_Sedan,cT2_Sedan_Audi,0
247,5,cT1_Sedan__cT2_Sedan_Audi,cT1_Sedan,cT2_Sedan_Audi,1
248,5,not_cT1_Sedan__cT2_Sedan_Audi,cT1_Sedan,cT2_Sedan_Audi,2
249,5,cT1_Sedan_not_cT2_SUV_Audi,cT1_Sedan,cT2_SUV_Audi,0
250,5,cT1_Sedan__cT2_SUV_Audi,cT1_Sedan,cT2_SUV_Audi,1
251,5,not_cT1_Sedan__cT2_SUV_Audi,cT1_Sedan,cT2_SUV_Audi,2
252,5,cT1_Sedan_not_cT2_Audi,cT1_Sedan,cT2_Audi,0
253,5,cT1_Sedan__cT2_Audi,cT1_Sedan,cT2_Audi,1
254,5,not_cT1_Sedan__cT2_Audi,cT1_Sedan,cT2_Audi,2
255,5,cT1_Sedan_Audi_not_cT2_SUV_BMW,cT1_Sedan_Audi,cT2_SUV_BMW,0
256,5,cT1_Sedan_Audi__cT2_SUV_BMW,cT1_Sedan_Audi,cT2_SUV_BMW,1
257,5,not_cT1_Sedan_Audi__cT2_SUV_BMW,cT1_Sedan_Audi,cT2_SUV_BMW,2
258,5,cT1_Sedan_Audi_not_cT2_BMW,cT1_Sedan_Audi,cT2_BMW,0
259,5,cT1_Sedan_Audi__cT2_BMW,cT1_Sedan_Audi,cT2_BMW,1
260,5,not_cT1_Sedan_Audi__cT2_BMW,cT1_Sedan_Audi,cT2_BMW,2
261,5,cT1_Sedan_Audi_not_cT2_Sedan_Audi,cT1_Sedan_Audi,cT2_Sedan_Audi,0
262,5,cT1_Sedan_Audi__cT2_Sedan_Audi,cT1_Sedan_Audi,cT2_Sedan_Audi,1
263,5,not_cT1_Sedan_Audi__cT2_Sedan_Audi,cT1_Sedan_Audi,cT2_Sedan_Audi,2
264,5,cT1_Sedan_Audi_not_cT2_SUV_Audi,cT1_Sedan_Audi,cT2_SUV_Audi,0
265,5,cT1_Sedan_Audi__cT2_SUV_Audi,cT1_Sedan_Audi,cT2_SUV_Audi,1
266,5,not_cT1_Sedan_Audi__cT2_SUV_Audi,cT1_Sedan_Audi,cT2_SUV_Audi,2
267,5,cT1_Sedan_Audi_not_cT2_Audi,cT1_Sedan_Audi,cT2_Audi,0
268,5,cT1_Sedan_Audi__cT2_Audi,cT1_Sedan_Audi,cT2_Audi,1
269,5,not_cT1_Sedan_Audi__cT2_Audi,cT1_Sedan_Audi,cT2_Audi,2
270,6,cT1_Wagon_not_cT2_SUV_BMW,cT1_Wagon,cT2_SUV_BMW,0
271,6,cT1_Wagon__cT2_SUV_BMW,cT1_Wagon,cT2_SUV_BMW,1
272,6,not_cT1_Wagon__cT2_SUV_BMW,cT1_Wagon,cT2_SUV_BMW,2
273,6,cT1_Wagon_not_cT2_BMW,cT1_Wagon,cT2_BMW,0
274,6,cT1_Wagon__cT2_BMW,cT1_Wagon,cT2_BMW,1
275,6,not_cT1_Wagon__cT2_BMW,cT1_Wagon,cT2_BMW,2
276,6,cT1_Wagon_not_cT2_Audi,cT1_Wagon,cT2_Audi,0
277,6,cT1_Wagon__cT2_Audi,cT1_Wagon,cT2_Audi,1
278,6,not_cT1_Wagon__cT2_Audi,cT1_Wagon,cT2_Audi,2
279,6,cT1_SUV_not_cT2_SUV_BMW,cT1_SUV,cT2_SUV_BMW,0
280,6,cT1_SUV__cT2_SUV_BMW,cT1_SUV,cT2_SUV_BMW,1
281,6,not_cT1_SUV__cT2_SUV_BMW,cT1_SUV,cT2_SUV_BMW,2
282,6,cT1_SUV_not_cT2_BMW,cT1_SUV,cT2_BMW,0
283,6,cT1_SUV__cT2_BMW,cT1_SUV,cT2_BMW,1
284,6,not_cT1_SUV__cT2_BMW,cT1_SUV,cT2_BMW,2
285,6,cT1_SUV_not_cT2_Sedan_Audi,cT1_SUV,cT2_Sedan_Audi,0
286,6,cT1_SUV__cT2_Sedan_Audi,cT1_SUV,cT2_Sedan_Audi,1
287,6,not_cT1_SUV__cT2_Sedan_Audi,cT1_SUV,cT2_Sedan_Audi,2
288,6,cT1_SUV_not_cT2_SUV_Audi,cT1_SUV,cT2_SUV_Audi,0
289,6,cT1_SUV__cT2_SUV_Audi,cT1_SUV,cT2_SUV_Audi,1
290,6,not_cT1_SUV__cT2_SUV_Audi,cT1_SUV,cT2_SUV_Audi,2
291,6,cT1_SUV_not_cT2_Audi,cT1_SUV,cT2_Audi,0
292,6,cT1_SUV__cT2_Audi,cT1_SUV,cT2_Audi,1
293,6,not_cT1_SUV__cT2_Audi,cT1_SUV,cT2_Audi,2
294,6,cT1_Sedan_not_cT2_SUV_BMW,cT1_Sedan,cT2_SUV_BMW,0
295,6,cT1_Sedan__cT2_SUV_BMW,cT1_Sedan,cT2_SUV_BMW,1
296,6,not_cT1_Sedan__cT2_SUV_BMW,cT1_Sedan,cT2_SUV_BMW,2
297,6,cT1_Sedan_not_cT2_BMW,cT1_Sedan,cT2_BMW,0
298,6,cT1_Sedan__cT2_BMW,cT1_Sedan,cT2_BMW,1
299,6,not_cT1_Sedan__cT2_BMW,cT1_Sedan,cT2_BMW,2
300,6,cT1_Sedan_not_cT2_Sedan_Audi,cT1_Sedan,cT2_Sedan_Audi,0
301,6,cT1_Sedan__cT2_Sedan_Audi,cT1_Sedan,cT2_Sedan_Audi,1
302,6,not_cT1_Sedan__cT2_Sedan_Audi,cT1_Sedan,cT2_Sedan_Audi,2
303,6,cT1_Sedan_not_cT2_SUV_Audi,cT1_Sedan,cT2_SUV_Audi,0
304,6,cT1_Sedan__cT2_SUV_Audi,cT1_Sedan,cT2_SUV_Audi,1
305,6,not_cT1_Sedan__cT2_SUV_Audi,cT1_Sedan,cT2_SUV_Audi,2
306,6,cT1_Sedan_not_cT2_Audi,cT1_Sedan,cT2_Audi,0
307,6,cT1_Sedan__cT2_Audi,cT1_Sedan,cT2_Audi,1
308,6,not_cT1_Sedan__cT2_Audi,cT1_Sedan,cT2_Audi,2
309,6,cT1_Sedan_Audi_not_cT2_SUV_BMW,cT1_Sedan_Audi,cT2_SUV_BMW,0
310,6,cT1_Sedan_Audi__cT2_SUV_BMW,cT1_Sedan_Audi,cT2_SUV_BMW,1
311,6,not_cT1_Sedan_Audi__cT2_SUV_BMW,cT1_Sedan_Audi,cT2_SUV_BMW,2
312,6,cT1_Sedan_Audi_not_cT2_BMW,cT1_Sedan_Audi,cT2_BMW,0
313,6,cT1_Sedan_Audi__cT2_BMW,cT1_Sedan_Audi,cT2_BMW,1
314,6,not_cT1_Sedan_Audi__cT2_BMW,cT1_Sedan_Audi,cT2_BMW,2
315,6,cT1_Sedan_Audi_not_cT2_Sedan_Audi,cT1_Sedan_Audi,cT2_Sedan_Audi,0
316,6,cT1_Sedan_Audi__cT2_Sedan_Audi,cT1_Sedan_Audi,cT2_Sedan_Audi,1
317,6,not_cT1_Sedan_Audi__cT2_Sedan_Audi,cT1_Sedan_Audi,cT2_Sedan_Audi,2
318,6,cT1_Sedan_Audi_not_cT2_SUV_Audi,cT1_Sedan_Audi,cT2_SUV_Audi,0
319,6,cT1_Sedan_Audi__cT2_SUV_Audi,cT1_Sedan_Audi,cT2_SUV_Audi,1
320,6,not_cT1_Sedan_Audi__cT2_SUV_Audi,cT1_Sedan_Audi,cT2_SUV_Audi,2
321,6,cT1_Sedan_Audi_not_cT2_Audi,cT1_Sedan_Audi,cT2_Audi,0
322,6,cT1_Sedan_Audi__cT2_Audi,cT1_Sedan_Audi,cT2_Audi,1
323,6,not_cT1_Sedan_Audi__cT2_Audi,cT1_Sedan_Audi,cT2_Audi,2
324,7,cT1_Wagon_not_cT2_SUV_BMW,cT1_Wagon,cT2_SUV_BMW,0
325,7,cT1_Wagon__cT2_SUV_BMW,cT1_Wagon,cT2_SUV_BMW,1
326,7,not_cT1_Wagon__cT2_SUV_BMW,cT1_Wagon,cT2_SUV_BMW,2
327,7,cT1_Wagon_not_cT2_BMW,cT1_Wagon,cT2_BMW,0
328,7,cT1_Wagon__cT2_BMW,cT1_Wagon,cT2_BMW,1
329,7,not_cT1_Wagon__cT2_BMW,cT1_Wagon,cT2_BMW,2
330,7,cT1_Wagon_not_cT2_Audi,cT1_Wagon,cT2_Audi,0
331,7,cT1_Wagon__cT2_Audi,cT1_Wagon,cT2_Audi,1
332,7,not_cT1_Wagon__cT2_Audi,cT1_Wagon,cT2_Audi,2
333,7,cT1_SUV_not_cT2_SUV_BMW,cT1_SUV,cT2_SUV_BMW,0
334,7,cT1_SUV__cT2_SUV_BMW,cT1_SUV,cT2_SUV_BMW,1
335,7,not_cT1_SUV__cT2_SUV_BMW,cT1_SUV,cT2_SUV_BMW,2
336,7,cT1_SUV_not_cT2_BMW,cT1_SUV,cT2_BMW,0
337,7,cT1_SUV__cT2_BMW,cT1_SUV,cT2_BMW,1
338,7,not_cT1_SUV__cT2_BMW,cT1_SUV,cT2_BMW,2
339,7,cT1_SUV_not_cT2_Sedan_Audi,cT1_SUV,cT2_Sedan_Audi,0
340,7,cT1_SUV__cT2_Sedan_Audi,cT1_SUV,cT2_Sedan_Audi,1
341,7,not_cT1_SUV__cT2_Sedan_Audi,cT1_SUV,cT2_Sedan_Audi,2
342,7,cT1_SUV_not_cT2_SUV_Audi,cT1_SUV,cT2_SUV_Audi,0
343,7,cT1_SUV__cT2_SUV_Audi,cT1_SUV,cT2_SUV_Audi,1
344,7,not_cT1_SUV__cT2_SUV_Audi,cT1_SUV,cT2_SUV_Audi,2
345,7,cT1_SUV_not_cT2_Audi,cT1_SUV,cT2_Audi,0
346,7,cT1_SUV__cT2_Audi,cT1_SUV,cT2_Audi,1
347,7,not_cT1_SUV__cT2_Audi,cT1_SUV,cT2_Audi,2
348,7,cT1_Sedan_not_cT2_SUV_BMW,cT1_Sedan,cT2_SUV_BMW,0
349,7,cT1_Sedan__cT2_SUV_BMW,cT1_Sedan,cT2_SUV_BMW,1
350,7,not_cT1_Sedan__cT2_SUV_BMW,cT1_Sedan,cT2_SUV_BMW,2
351,7,cT1_Sedan_not_cT2_BMW,cT1_Sedan,cT2_BMW,0
352,7,cT1_Sedan__cT2_BMW,cT1_Sedan,cT2_BMW,1
353,7,not_cT1_Sedan__cT2_BMW,cT1_Sedan,cT2_BMW,2
354,7,cT1_Sedan_not_cT2_Sedan_Audi,cT1_Sedan,cT2_Sedan_Audi,0
355,7,cT1_Sedan__cT2_Sedan_Audi,cT1_Sedan,cT2_Sedan_Audi,1
356,7,not_cT1_Sedan__cT2_Sedan_Audi,cT1_Sedan,cT2_Sedan_Audi,2
357,7,cT1_Sedan_not_cT2_SUV_Audi,cT1_Sedan,cT2_SUV_Audi,0
358,7,cT1_Sedan__cT2_SUV_Audi,cT1_Sedan,cT2_SUV_Audi,1
359,7,not_cT1_Sedan__cT2_SUV_Audi,cT1_Sedan,cT2_SUV_Audi,2
360,7,cT1_Sedan_not_cT2_Audi,cT1_Sedan,cT2_Audi,0
361,7,cT1_Sedan__cT2_Audi,cT1_Sedan,cT2_Audi,1
362,7,not_cT1_Sedan__cT2_Audi,cT1_Sedan,cT2_Audi,2
363,7,cT1_Sedan_Audi_not_cT2_SUV_BMW,cT1_Sedan_Audi,cT2_SUV_BMW,0
364,7,cT1_Sedan_Audi__cT2_SUV_BMW,cT1_Sedan_Audi,cT2_SUV_BMW,1
365,7,not_cT1_Sedan_Audi__cT2_SUV_BMW,cT1_Sedan_Audi,cT2_SUV_BMW,2
366,7,cT1_Sedan_Audi_not_cT2_BMW,cT1_Sedan_Audi,cT2_BMW,0
367,7,cT1_Sedan_Audi__cT2_BMW,cT1_Sedan_Audi,cT2_BMW,1
368,7,not_cT1_Sedan_Audi__cT2_BMW,cT1_Sedan_Audi,cT2_BMW,2
369,7,cT1_Sedan_Audi_not_cT2_Sedan_Audi,cT1_Sedan_Audi,cT2_Sedan_Audi,0
370,7,cT1_Sedan_Audi__cT2_Sedan_Audi,cT1_Sedan_Audi,cT2_Sedan_Audi,1
371,7,not_cT1_Sedan_Audi__cT2_Sedan_Audi,cT1_Sedan_Audi,cT2_Sedan_Audi,2
372,7,cT1_Sedan_Audi_not_cT2_SUV_Audi,cT1_Sedan_Audi,cT2_SUV_Audi,0
373,7,cT1_Sedan_Audi__cT2_SUV_Audi,cT1_Sedan_Audi,cT2_SUV_Audi,1
374,7,not_cT1_Sedan_Audi__cT2_SUV_Audi,cT1_Sedan_Audi,cT2_SUV_Audi,2
375,7,cT1_Sedan_Audi_not_cT2_Audi,cT1_Sedan_Audi,cT2_Audi,0
376,7,cT1_Sedan_Audi__cT2_Audi,cT1_Sedan_Audi,cT2_Audi,1
377,7,not_cT1_Sedan_Audi__cT2_Audi,cT1_Sedan_Audi,cT2_Audi,2
378,8,cT1_Wagon_not_cT2_SUV_BMW,cT1_Wagon,cT2_SUV_BMW,0
379,8,cT1_Wagon__cT2_SUV_BMW,cT1_Wagon,cT2_SUV_BMW,1
380,8,not_cT1_Wagon__cT2_SUV_BMW,cT1_Wagon,cT2_SUV_BMW,2
381,8,cT1_Wagon_not_cT2_BMW,cT1_Wagon,cT2_BMW,0
382,8,cT1_Wagon__cT2_BMW,cT1_Wagon,cT2_BMW,1
383,8,not_cT1_Wagon__cT2_BMW,cT1_Wagon,cT2_BMW,2
384,8,cT1_Wagon_not_cT2_Audi,cT1_Wagon,cT2_Audi,0
385,8,cT1_Wagon__cT2_Audi,cT1_Wagon,cT2_Audi,1
386,8,not_cT1_Wagon__cT2_Audi,cT1_Wagon,cT2_Audi,2
387,8,cT1_SUV_not_cT2_SUV_BMW,cT1_SUV,cT2_SUV_BMW,0
388,8,cT1_SUV__cT2_SUV_BMW,cT1_SUV,cT2_SUV_BMW,1
389,8,not_cT1_SUV__cT2_SUV_BMW,cT1_SUV,cT2_SUV_BMW,2
390,8,cT1_SUV_not_cT2_BMW,cT1_SUV,cT2_BMW,0
391,8,cT1_SUV__cT2_BMW,cT1_SUV,cT2_BMW,1
392,8,not_cT1_SUV__cT2_BMW,cT1_SUV,cT2_BMW,2
393,8,cT1_SUV_not_cT2_Sedan_Audi,cT1_SUV,cT2_Sedan_Audi,0
394,8,cT1_SUV__cT2_Sedan_Audi,cT1_SUV,cT2_Sedan_Audi,1
395,8,not_cT1_SUV__cT2_Sedan_Audi,cT1_SUV,cT2_Sedan_Audi,2
396,8,cT1_SUV_not_cT2_SUV_Audi,cT1_SUV,cT2_SUV_Audi,0
397,8,cT1_SUV__cT2_SUV_Audi,cT1_SUV,cT2_SUV_Audi,1
398,8,not_cT1_SUV__cT2_SUV_Audi,cT1_SUV,cT2_SUV_Audi,2
399,8,cT1_SUV_not_cT2_Audi,cT1_SUV,cT2_Audi,0
400,8,cT1_SUV__cT2_Audi,cT1_SUV,cT2_Audi,1
401,8,not_cT1_SUV__cT2_Audi,cT1_SUV,cT2_Audi,2
402,8,cT1_Sedan_not_cT2_SUV_BMW,cT1_Sedan,cT2_SUV_BMW,0
403,8,cT1_Sedan__cT2_SUV_BMW,cT1_Sedan,cT2_SUV_BMW,1
404,8,not_cT1_Sedan__cT2_SUV_BMW,cT1_Sedan,cT2_SUV_BMW,2
405,8,cT1_Sedan_not_cT2_BMW,cT1_Sedan,cT2_BMW,0
406,8,cT1_Sedan__cT2_BMW,cT1_Sedan,cT2_BMW,1
407,8,not_cT1_Sedan__cT2_BMW,cT1_Sedan,cT2_BMW,2
408,8,cT1_Sedan_not_cT2_Sedan_Audi,cT1_Sedan,cT2_Sedan_Audi,0
409,8,cT1_Sedan__cT2_Sedan_Audi,cT1_Sedan,cT2_Sedan_Audi,1
410,8,not_cT1_Sedan__cT2_Sedan_Audi,cT1_Sedan,cT2_Sedan_Audi,2
411,8,cT1_Sedan_not_cT2_SUV_Audi,cT1_Sedan,cT2_SUV_Audi,0
412,8,cT1_Sedan__cT2_SUV_Audi,cT1_Sedan,cT2_SUV_Audi,1
413,8,not_cT1_Sedan__cT2_SUV_Audi,cT1_Sedan,cT2_SUV_Audi,2
414,8,cT1_Sedan_not_cT2_Audi,cT1_Sedan,cT2_Audi,0
415,8,cT1_Sedan__cT2_Audi,cT1_Sedan,cT2_Audi,1
416,8,not_cT1_Sedan__cT2_Audi,cT1_Sedan,cT2_Audi,2
417,8,cT1_Sedan_Audi_not_cT2_SUV_BMW,cT1_Sedan_Audi,cT2_SUV_BMW,0
418,8,cT1_Sedan_Audi__cT2_SUV_BMW,cT1_Sedan_Audi,cT2_SUV_BMW,1
419,8,not_cT1_Sedan_Audi__cT2_SUV_BMW,cT1_Sedan_Audi,cT2_SUV_BMW,2
420,8,cT1_Sedan_Audi_not_cT2_BMW,cT1_Sedan_Audi,cT2_BMW,0
421,8,cT1_Sedan_Audi__cT2_BMW,cT1_Sedan_Audi,cT2_BMW,1
422,8,not_cT1_Sedan_Audi__cT2_BMW,cT1_Sedan_Audi,cT2_BMW,2
423,8,cT1_Sedan_Audi_not_cT2_Sedan_Audi,cT1_Sedan_Audi,cT2_Sedan_Audi,0
424,8,cT1_Sedan_Audi__cT2_Sedan_Audi,cT1_Sedan_Audi,cT2_Sedan_Audi,1
425,8,not_cT1_Sedan_Audi__cT2_Sedan_Audi,cT1_Sedan_Audi,cT2_Sedan_Audi,2
426,8,cT1_Sedan_Audi_not_cT2_SUV_Audi,cT1_Sedan_Audi,cT2_SUV_Audi,0
427,8,cT1_Sedan_Audi__cT2_SUV_Audi,cT1_Sedan_Audi,cT2_SUV_Audi,1
428,8,not_cT1_Sedan_Audi__cT2_SUV_Audi,cT1_Sedan_Audi,cT2_SUV_Audi,2
429,8,cT1_Sedan_Audi_not_cT2_Audi,cT1_Sedan_Audi,cT2_Audi,0
430,8,cT1_Sedan_Audi__cT2_Audi,cT1_Sedan_Audi,cT2_Audi,1
431,8,not_cT1_Sedan_Audi__cT2_Audi,cT1_Sedan_Audi,cT2_Audi,2
432,9,cT1_Wagon_not_cT2_SUV_BMW,cT1_Wagon,cT2_SUV_BMW,0
433,9,cT1_Wagon__cT2_SUV_BMW,cT1_Wagon,cT2_SUV_BMW,1
434,9,not_cT1_Wagon__cT2_SUV_BMW,cT1_Wagon,cT2_SUV_BMW,2
435,9,cT1_Wagon_not_cT2_BMW,cT1_Wagon,cT2_BMW,0
436,9,cT1_Wagon__cT2_BMW,cT1_Wagon,cT2_BMW,1
437,9,not_cT1_Wagon__cT2_BMW,cT1_Wagon,cT2_BMW,2
438,9,cT1_Wagon_not_cT2_Audi,cT1_Wagon,cT2_Audi,0
439,9,cT1_Wagon__cT2_Audi,cT1_Wagon,cT2_Audi,1
440,9,not_cT1_Wagon__cT2_Audi,cT1_Wagon,cT2_Audi,2
441,9,cT1_SUV_not_cT2_SUV_BMW,cT1_SUV,cT2_SUV_BMW,0
442,9,cT1_SUV__cT2_SUV_BMW,cT1_SUV,cT2_SUV_BMW,1
443,9,not_cT1_SUV__cT2_SUV_BMW,cT1_SUV,cT2_SUV_BMW,2
444,9,cT1_SUV_not_cT2_BMW,cT1_SUV,cT2_BMW,0
445,9,cT1_SUV__cT2_BMW,cT1_SUV,cT2_BMW,1
446,9,not_cT1_SUV__cT2_BMW,cT1_SUV,cT2_BMW,2
447,9,cT1_SUV_not_cT2_Sedan_Audi,cT1_SUV,cT2_Sedan_Audi,0
448,9,cT1_SUV__cT2_Sedan_Audi,cT1_SUV,cT2_Sedan_Audi,1
449,9,not_cT1_SUV__cT2_Sedan_Audi,cT1_SUV,cT2_Sedan_Audi,2
450,9,cT1_SUV_not_cT2_SUV_Audi,cT1_SUV,cT2_SUV_Audi,0
451,9,cT1_SUV__cT2_SUV_Audi,cT1_SUV,cT2_SUV_Audi,1
452,9,not_cT1_SUV__cT2_SUV_Audi,cT1_SUV,cT2_SUV_Audi,2
453,9,cT1_SUV_not_cT2_Audi,cT1_SUV,cT2_Audi,0
454,9,cT1_SUV__cT2_Audi,cT1_SUV,cT2_Audi,1
455,9,not_cT1_SUV__cT2_Audi,cT1_SUV,cT2_Audi,2
456,9,cT1_Sedan_not_cT2_SUV_BMW,cT1_Sedan,cT2_SUV_BMW,0
457,9,cT1_Sedan__cT2_SUV_BMW,cT1_Sedan,cT2_SUV_BMW,1
458,9,not_cT1_Sedan__cT2_SUV_BMW,cT1_Sedan,cT2_SUV_BMW,2
459,9,cT1_Sedan_not_cT2_BMW,cT1_Sedan,cT2_BMW,0
460,9,cT1_Sedan__cT2_BMW,cT1_Sedan,cT2_BMW,1
461,9,not_cT1_Sedan__cT2_BMW,cT1_Sedan,cT2_BMW,2
462,9,cT1_Sedan_not_cT2_Sedan_Audi,cT1_Sedan,cT2_Sedan_Audi,0
463,9,cT1_Sedan__cT2_Sedan_Audi,cT1_Sedan,cT2_Sedan_Audi,1
464,9,not_cT1_Sedan__cT2_Sedan_Audi,cT1_Sedan,cT2_Sedan_Audi,2
465,9,cT1_Sedan_not_cT2_SUV_Audi,cT1_Sedan,cT2_SUV_Audi,0
466,9,cT1_Sedan__cT2_SUV_Audi,cT1_Sedan,cT2_SUV_Audi,1
467,9,not_cT1_Sedan__cT2_SUV_Audi,cT1_Sedan,cT2_SUV_Audi,2
468,9,cT1_Sedan_not_cT2_Audi,cT1_Sedan,cT2_Audi,0
469,9,cT1_Sedan__cT2_Audi,cT1_Sedan,cT2_Audi,1
470,9,not_cT1_Sedan__cT2_Audi,cT1_Sedan,cT2_Audi,2
471,9,cT1_Sedan_Audi_not_cT2_SUV_BMW,cT1_Sedan_Audi,cT2_SUV_BMW,0
472,9,cT1_Sedan_Audi__cT2_SUV_BMW,cT1_Sedan_Audi,cT2_SUV_BMW,1
473,9,not_cT1_Sedan_Audi__cT2_SUV_BMW,cT1_Sedan_Audi,cT2_SUV_BMW,2
474,9,cT1_Sedan_Audi_not_cT2_BMW,cT1_Sedan_Audi,cT2_BMW,0
475,9,cT1_Sedan_Audi__cT2_BMW,cT1_Sedan_Audi,cT2_BMW,1
476,9,not_cT1_Sedan_Audi__cT2_BMW,cT1_Sedan_Audi,cT2_BMW,2
477,9,cT1_Sedan_Audi_not_cT2_Sedan_Audi,cT1_Sedan_Audi,cT2_Sedan_Audi,0
478,9,cT1_Sedan_Audi__cT2_Sedan_Audi,cT1_Sedan_Audi,cT2_Sedan_Audi,1
479,9,not_cT1_Sedan_Audi__cT2_Sedan_Audi,cT1_Sedan_Audi,cT2_Sedan_Audi,2
480,9,cT1_Sedan_Audi_not_cT2_SUV_Audi,cT1_Sedan_Audi,cT2_SUV_Audi,0
481,9,cT1_Sedan_Audi__cT2_SUV_Audi,cT1_Sedan_Audi,cT2_SUV_Audi,1
482,9,not_cT1_Sedan_Audi__cT2_SUV_Audi,cT1_Sedan_Audi,cT2_SUV_Audi,2
483,9,cT1_Sedan_Audi_not_cT2_Audi,cT1_Sedan_Audi,cT2_Audi,0
484,9,cT1_Sedan_Audi__cT2_Audi,cT1_Sedan_Audi,cT2_Audi,1
485,9,not_cT1_Sedan_Audi__cT2_Audi,cT1_Sedan_Audi,cT2_Audi,2
486,10,cT1_Wagon_not_cT2_SUV_BMW,cT1_Wagon,cT2_SUV_BMW,0
487,10,cT1_Wagon__cT2_SUV_BMW,cT1_Wagon,cT2_SUV_BMW,1
488,10,not_cT1_Wagon__cT2_SUV_BMW,cT1_Wagon,cT2_SUV_BMW,2
489,10,cT1_Wagon_not_cT2_BMW,cT1_Wagon,cT2_BMW,0
490,10,cT1_Wagon__cT2_BMW,cT1_Wagon,cT2_BMW,1
491,10,not_cT1_Wagon__cT2_BMW,cT1_Wagon,cT2_BMW,2
492,10,cT1_Wagon_not_cT2_Audi,cT1_Wagon,cT2_Audi,0
493,10,cT1_Wagon__cT2_Audi,cT1_Wagon,cT2_Audi,1
494,10,not_cT1_Wagon__cT2_Audi,cT1_Wagon,cT2_Audi,2
495,10,cT1_SUV_not_cT2_SUV_BMW,cT1_SUV,cT2_SUV_BMW,0
496,10,cT1_SUV__cT2_SUV_BMW,cT1_SUV,cT2_SUV_BMW,1
497,10,not_cT1_SUV__cT2_SUV_BMW,cT1_SUV,cT2_SUV_BMW,2
498,10,cT1_SUV_not_cT2_BMW,cT1_SUV,cT2_BMW,0
499,10,cT1_SUV__cT2_BMW,cT1_SUV,cT2_BMW,1
500,10,not_cT1_SUV__cT2_BMW,cT1_SUV,cT2_BMW,2
501,10,cT1_SUV_not_cT2_Sedan_Audi,cT1_SUV,cT2_Sedan_Audi,0
502,10,cT1_SUV__cT2_Sedan_Audi,cT1_SUV,cT2_Sedan_Audi,1
503,10,not_cT1_SUV__cT2_Sedan_Audi,cT1_SUV,cT2_Sedan_Audi,2
504,10,cT1_SUV_not_cT2_SUV_Audi,cT1_SUV,cT2_SUV_Audi,0
505,10,cT1_SUV__cT2_SUV_Audi,cT1_SUV,cT2_SUV_Audi,1
506,10,not_cT1_SUV__cT2_SUV_Audi,cT1_SUV,cT2_SUV_Audi,2
507,10,cT1_SUV_not_cT2_Audi,cT1_SUV,cT2_Audi,0
508,10,cT1_SUV__cT2_Audi,cT1_SUV,cT2_Audi,1
509,10,not_cT1_SUV__cT2_Audi,cT1_SUV,cT2_Audi,2
510,10,cT1_Sedan_not_cT2_SUV_BMW,cT1_Sedan,cT2_SUV_BMW,0
511,10,cT1_Sedan__cT2_SUV_BMW,cT1_Sedan,cT2_SUV_BMW,1
512,10,not_cT1_Sedan__cT2_SUV_BMW,cT1_Sedan,cT2_SUV_BMW,2
513,10,cT1_Sedan_not_cT2_BMW,cT1_Sedan,cT2_BMW,0
514,10,cT1_Sedan__cT2_BMW,cT1_Sedan,cT2_BMW,1
515,10,not_cT1_Sedan__cT2_BMW,cT1_Sedan,cT2_BMW,2
516,10,cT1_Sedan_not_cT2_Sedan_Audi,cT1_Sedan,cT2_Sedan_Audi,0
517,10,cT1_Sedan__cT2_Sedan_Audi,cT1_Sedan,cT2_Sedan_Audi,1
518,10,not_cT1_Sedan__cT2_Sedan_Audi,cT1_Sedan,cT2_Sedan_Audi,2
519,10,cT1_Sedan_not_cT2_SUV_Audi,cT1_Sedan,cT2_SUV_Audi,0
520,10,cT1_Sedan__cT2_SUV_Audi,cT1_Sedan,cT2_SUV_Audi,1
521,10,not_cT1_Sedan__cT2_SUV_Audi,cT1_Sedan,cT2_SUV_Audi,2
522,10,cT1_Sedan_not_cT2_Audi,cT1_Sedan,cT2_Audi,0
523,10,cT1_Sedan__cT2_Audi,cT1_Sedan,cT2_Audi,1
524,10,not_cT1_Sedan__cT2_Audi,cT1_Sedan,cT2_Audi,2
525,10,cT1_Sedan_Audi_not_cT2_SUV_BMW,cT1_Sedan_Audi,cT2_SUV_BMW,0
526,10,cT1_Sedan_Audi__cT2_SUV_BMW,cT1_Sedan_Audi,cT2_SUV_BMW,1
527,10,not_cT1_Sedan_Audi__cT2_SUV_BMW,cT1_Sedan_Audi,cT2_SUV_BMW,2
528,10,cT1_Sedan_Audi_not_cT2_BMW,cT1_Sedan_Audi,cT2_BMW,0
529,10,cT1_Sedan_Audi__cT2_BMW,cT1_Sedan_Audi,cT2_BMW,1
530,10,not_cT1_Sedan_Audi__cT2_BMW,cT1_Sedan_Audi,cT2_BMW,2
531,10,cT1_Sedan_Audi_not_cT2_Sedan_Audi,cT1_Sedan_Audi,cT2_Sedan_Audi,0
532,10,cT1_Sedan_Audi__cT2_Sedan_Audi,cT1_Sedan_Audi,cT2_Sedan_Audi,1
533,10,not_cT1_Sedan_Audi__cT2_Sedan_Audi,cT1_Sedan_Audi,cT2_Sedan_Audi,2
534,10,cT1_Sedan_Audi_not_cT2_SUV_Audi,cT1_Sedan_Audi,cT2_SUV_Audi,0
535,10,cT1_Sedan_Audi__cT2_SUV_Audi,cT1_Sedan_Audi,cT2_SUV_Audi,1
536,10,not_cT1_Sedan_Audi__cT2_SUV_Audi,cT1_Sedan_Audi,cT2_SUV_Audi,2
537,10,cT1_Sedan_Audi_not_cT2_Audi,cT1_Sedan_Audi,cT2_Audi,0
538,10,cT1_Sedan_Audi__cT2_Audi,cT1_Sedan_Audi,cT2_Audi,1
539,10,not_cT1_Sedan_Audi__cT2_Audi,cT1_Sedan_Audi,cT2_Audi,2
540,11,cT1_Wagon_not_cT2_SUV_BMW,cT1_Wagon,cT2_SUV_BMW,0
541,11,cT1_Wagon__cT2_SUV_BMW,cT1_Wagon,cT2_SUV_BMW,1
542,11,not_cT1_Wagon__cT2_SUV_BMW,cT1_Wagon,cT2_SUV_BMW,2
543,11,cT1_Wagon_not_cT2_BMW,cT1_Wagon,cT2_BMW,0
544,11,cT1_Wagon__cT2_BMW,cT1_Wagon,cT2_BMW,1
545,11,not_cT1_Wagon__cT2_BMW,cT1_Wagon,cT2_BMW,2
546,11,cT1_Wagon_not_cT2_Audi,cT1_Wagon,cT2_Audi,0
547,11,cT1_Wagon__cT2_Audi,cT1_Wagon,cT2_Audi,1
548,11,not_cT1_Wagon__cT2_Audi,cT1_Wagon,cT2_Audi,2
549,11,cT1_SUV_not_cT2_SUV_BMW,cT1_SUV,cT2_SUV_BMW,0
550,11,cT1_SUV__cT2_SUV_BMW,cT1_SUV,cT2_SUV_BMW,1
551,11,not_cT1_SUV__cT2_SUV_BMW,cT1_SUV,cT2_SUV_BMW,2
552,11,cT1_SUV_not_cT2_BMW,cT1_SUV,cT2_BMW,0
553,11,cT1_SUV__cT2_BMW,cT1_SUV,cT2_BMW,1
554,11,not_cT1_SUV__cT2_BMW,cT1_SUV,cT2_BMW,2
555,11,cT1_SUV_not_cT2_Sedan_Audi,cT1_SUV,cT2_Sedan_Audi,0
556,11,cT1_SUV__cT2_Sedan_Audi,cT1_SUV,cT2_Sedan_Audi,1
557,11,not_cT1_SUV__cT2_Sedan_Audi,cT1_SUV,cT2_Sedan_Audi,2
558,11,cT1_SUV_not_cT2_SUV_Audi,cT1_SUV,cT2_SUV_Audi,0
559,11,cT1_SUV__cT2_SUV_Audi,cT1_SUV,cT2_SUV_Audi,1
560,11,not_cT1_SUV__cT2_SUV_Audi,cT1_SUV,cT2_SUV_Audi,2
561,11,cT1_SUV_not_cT2_Audi,cT1_SUV,cT2_Audi,0
562,11,cT1_SUV__cT2_Audi,cT1_SUV,cT2_Audi,1
563,11,not_cT1_SUV__cT2_Audi,cT1_SUV,cT2_Audi,2
564,11,cT1_Sedan_not_cT2_SUV_BMW,cT1_Sedan,cT2_SUV_BMW,0
565,11,cT1_Sedan__cT2_SUV_BMW,cT1_Sedan,cT2_SUV_BMW,1
566,11,not_cT1_Sedan__cT2_SUV_BMW,cT1_Sedan,cT2_SUV_BMW,2
567,11,cT1_Sedan_not_cT2_BMW,cT1_Sedan,cT2_BMW,0
568,11,cT1_Sedan__cT2_BMW,cT1_Sedan,cT2_BMW,1
569,11,not_cT1_Sedan__cT2_BMW,cT1_Sedan,cT2_BMW,2
570,11,cT1_Sedan_not_cT2_Sedan_Audi,cT1_Sedan,cT2_Sedan_Audi,0
571,11,cT1_Sedan__cT2_Sedan_Audi,cT1_Sedan,cT2_Sedan_Audi,1
572,11,not_cT1_Sedan__cT2_Sedan_Audi,cT1_Sedan,cT2_Sedan_Audi,2
573,11,cT1_Sedan_not_cT2_SUV_Audi,cT1_Sedan,cT2_SUV_Audi,0
574,11,cT1_Sedan__cT2_SUV_Audi,cT1_Sedan,cT2_SUV_Audi,1
575,11,not_cT1_Sedan__cT2_SUV_Audi,cT1_Sedan,cT2_SUV_Audi,2
576,11,cT1_Sedan_not_cT2_Audi,cT1_Sedan,cT2_Audi,0
577,11,cT1_Sedan__cT2_Audi,cT1_Sedan,cT2_Audi,1
578,11,not_cT1_Sedan__cT2_Audi,cT1_Sedan,cT2_Audi,2
579,11,cT1_Sedan_Audi_not_cT2_SUV_BMW,cT1_Sedan_Audi,cT2_SUV_BMW,0
580,11,cT1_Sedan_Audi__cT2_SUV_BMW,cT1_Sedan_Audi,cT2_SUV_BMW,1
581,11,not_cT1_Sedan_Audi__cT2_SUV_BMW,cT1_Sedan_Audi,cT2_SUV_BMW,2
582,11,cT1_Sedan_Audi_not_cT2_BMW,cT1_Sedan_Audi,cT2_BMW,0
583,11,cT1_Sedan_Audi__cT2_BMW,cT1_Sedan_Audi,cT2_BMW,1
584,11,not_cT1_Sedan_Audi__cT2_BMW,cT1_Sedan_Audi,cT2_BMW,2
585,11,cT1_Sedan_Audi_not_cT2_Sedan_Audi,cT1_Sedan_Audi,cT2_Sedan_Audi,0
586,11,cT1_Sedan_Audi__cT2_Sedan_Audi,cT1_Sedan_Audi,cT2_Sedan_Audi,1
587,11,not_cT1_Sedan_Audi__cT2_Sedan_Audi,cT1_Sedan_Audi,cT2_Sedan_Audi,2
588,11,cT1_Sedan_Audi_not_cT2_SUV_Audi,cT1_Sedan_Audi,cT2_SUV_Audi,0
589,11,cT1_Sedan_Audi__cT2_SUV_Audi,cT1_Sedan_Audi,cT2_SUV_Audi,1
590,11,not_cT1_Sedan_Audi__cT2_SUV_Audi,cT1_Sedan_Audi,cT2_SUV_Audi,2
591,11,cT1_Sedan_Audi_not_cT2_Audi,cT1_Sedan_Audi,cT2_Audi,0
592,11,cT1_Sedan_Audi__cT2_Audi,cT1_Sedan_Audi,cT2_Audi,1
593,11,not_cT1_Sedan_Audi__cT2_Audi,cT1_Sedan_Audi,cT2_Audi,2
594,12,cT1_Wagon_not_cT2_SUV_BMW,cT1_Wagon,cT2_SUV_BMW,0
595,12,cT1_Wagon__cT2_SUV_BMW,cT1_Wagon,cT2_SUV_BMW,1
596,12,not_cT1_Wagon__cT2_SUV_BMW,cT1_Wagon,cT2_SUV_BMW,2
597,12,cT1_Wagon_not_cT2_BMW,cT1_Wagon,cT2_BMW,0
598,12,cT1_Wagon__cT2_BMW,cT1_Wagon,cT2_BMW,1
599,12,not_cT1_Wagon__cT2_BMW,cT1_Wagon,cT2_BMW,2
600,12,cT1_Wagon_not_cT2_Audi,cT1_Wagon,cT2_Audi,0
601,12,cT1_Wagon__cT2_Audi,cT1_Wagon,cT2_Audi,1
602,12,not_cT1_Wagon__cT2_Audi,cT1_Wagon,cT2_Audi,2
603,12,cT1_SUV_not_cT2_SUV_BMW,cT1_SUV,cT2_SUV_BMW,0
604,12,cT1_SUV__cT2_SUV_BMW,cT1_SUV,cT2_SUV_BMW,1
605,12,not_cT1_SUV__cT2_SUV_BMW,cT1_SUV,cT2_SUV_BMW,2
606,12,cT1_SUV_not_cT2_BMW,cT1_SUV,cT2_BMW,0
607,12,cT1_SUV__cT2_BMW,cT1_SUV,cT2_BMW,1
608,12,not_cT1_SUV__cT2_BMW,cT1_SUV,cT2_BMW,2
609,12,cT1_SUV_not_cT2_Sedan_Audi,cT1_SUV,cT2_Sedan_Audi,0
610,12,cT1_SUV__cT2_Sedan_Audi,cT1_SUV,cT2_Sedan_Audi,1
611,12,not_cT1_SUV__cT2_Sedan_Audi,cT1_SUV,cT2_Sedan_Audi,2
612,12,cT1_SUV_not_cT2_SUV_Audi,cT1_SUV,cT2_SUV_Audi,0
613,12,cT1_SUV__cT2_SUV_Audi,cT1_SUV,cT2_SUV_Audi,1
614,12,not_cT1_SUV__cT2_SUV_Audi,cT1_SUV,cT2_SUV_Audi,2
615,12,cT1_SUV_not_cT2_Audi,cT1_SUV,cT2_Audi,0
616,12,cT1_SUV__cT2_Audi,cT1_SUV,cT2_Audi,1
617,12,not_cT1_SUV__cT2_Audi,cT1_SUV,cT2_Audi,2
618,12,cT1_Sedan_not_cT2_SUV_BMW,cT1_Sedan,cT2_SUV_BMW,0
619,12,cT1_Sedan__cT2_SUV_BMW,cT1_Sedan,cT2_SUV_BMW,1
620,12,not_cT1_Sedan__cT2_SUV_BMW,cT1_Sedan,cT2_SUV_BMW,2
621,12,cT1_Sedan_not_cT2_BMW,cT1_Sedan,cT2_BMW,0
622,12,cT1_Sedan__cT2_BMW,cT1_Sedan,cT2_BMW,1
623,12,not_cT1_Sedan__cT2_BMW,cT1_Sedan,cT2_BMW,2
624,12,cT1_Sedan_not_cT2_Sedan_Audi,cT1_Sedan,cT2_Sedan_Audi,0
625,12,cT1_Sedan__cT2_Sedan_Audi,cT1_Sedan,cT2_Sedan_Audi,1
626,12,not_cT1_Sedan__cT2_Sedan_Audi,cT1_Sedan,cT2_Sedan_Audi,2
627,12,cT1_Sedan_not_cT2_SUV_Audi,cT1_Sedan,cT2_SUV_Audi,0
628,12,cT1_Sedan__cT2_SUV_Audi,cT1_Sedan,cT2_SUV_Audi,1
629,12,not_cT1_Sedan__cT2_SUV_Audi,cT1_Sedan,cT2_SUV_Audi,2
630,12,cT1_Sedan_not_cT2_Audi,cT1_Sedan,cT2_Audi,0
631,12,cT1_Sedan__cT2_Audi,cT1_Sedan,cT2_Audi,1
632,12,not_cT1_Sedan__cT2_Audi,cT1_Sedan,cT2_Audi,2
633,12,cT1_Sedan_Audi_not_cT2_SUV_BMW,cT1_Sedan_Audi,cT2_SUV_BMW,0
634,12,cT1_Sedan_Audi__cT2_SUV_BMW,cT1_Sedan_Audi,cT2_SUV_BMW,1
635,12,not_cT1_Sedan_Audi__cT2_SUV_BMW,cT1_Sedan_Audi,cT2_SUV_BMW,2
636,12,cT1_Sedan_Audi_not_cT2_BMW,cT1_Sedan_Audi,cT2_BMW,0
637,12,cT1_Sedan_Audi__cT2_BMW,cT1_Sedan_Audi,cT2_BMW,1
638,12,not_cT1_Sedan_Audi__cT2_BMW,cT1_Sedan_Audi,cT2_BMW,2
639,12,cT1_Sedan_Audi_not_cT2_Sedan_Audi,cT1_Sedan_Audi,cT2_Sedan_Audi,0
640,12,cT1_Sedan_Audi__cT2_Sedan_Audi,cT1_Sedan_Audi,cT2_Sedan_Audi,1
641,12,not_cT1_Sedan_Audi__cT2_Sedan_Audi,cT1_Sedan_Audi,cT2_Sedan_Audi,2
642,12,cT1_Sedan_Audi_not_cT2_SUV_Audi,cT1_Sedan_Audi,cT2_SUV_Audi,0
643,12,cT1_Sedan_Audi__cT2_SUV_Audi,cT1_Sedan_Audi,cT2_SUV_Audi,1
644,12,not_cT1_Sedan_Audi__cT2_SUV_Audi,cT1_Sedan_Audi,cT2_SUV_Audi,2
645,12,cT1_Sedan_Audi_not_cT2_Audi,cT1_Sedan_Audi,cT2_Audi,0
646,12,cT1_Sedan_Audi__cT2_Audi,cT1_Sedan_Audi,cT2_Audi,1
647,12,not_cT1_Sedan_Audi__cT2_Audi,cT1_Sedan_Audi,cT2_Audi,2
648,13,cT1_Wagon_not_cT2_SUV_BMW,cT1_Wagon,cT2_SUV_BMW,0
649,13,cT1_Wagon__cT2_SUV_BMW,cT1_Wagon,cT2_SUV_BMW,1
650,13,not_cT1_Wagon__cT2_SUV_BMW,cT1_Wagon,cT2_SUV_BMW,2
651,13,cT1_Wagon_not_cT2_BMW,cT1_Wagon,cT2_BMW,0
652,13,cT1_Wagon__cT2_BMW,cT1_Wagon,cT2_BMW,1
653,13,not_cT1_Wagon__cT2_BMW,cT1_Wagon,cT2_BMW,2
654,13,cT1_Wagon_not_cT2_Audi,cT1_Wagon,cT2_Audi,0
655,13,cT1_Wagon__cT2_Audi,cT1_Wagon,cT2_Audi,1
656,13,not_cT1_Wagon__cT2_Audi,cT1_Wagon,cT2_Audi,2
657,13,cT1_SUV_not_cT2_SUV_BMW,cT1_SUV,cT2_SUV_BMW,0
658,13,cT1_SUV__cT2_SUV_BMW,cT1_SUV,cT2_SUV_BMW,1
659,13,not_cT1_SUV__cT2_SUV_BMW,cT1_SUV,cT2_SUV_BMW,2
660,13,cT1_SUV_not_cT2_BMW,cT1_SUV,cT2_BMW,0
661,13,cT1_SUV__cT2_BMW,cT1_SUV,cT2_BMW,1
662,13,not_cT1_SUV__cT2_BMW,cT1_SUV,cT2_BMW,2
663,13,cT1_SUV_not_cT2_Sedan_Audi,cT1_SUV,cT2_Sedan_Audi,0
664,13,cT1_SUV__cT2_Sedan_Audi,cT1_SUV,cT2_Sedan_Audi,1
665,13,not_cT1_SUV__cT2_Sedan_Audi,cT1_SUV,cT2_Sedan_Audi,2
666,13,cT1_SUV_not_cT2_SUV_Audi,cT1_SUV,cT2_SUV_Audi,0
667,13,cT1_SUV__cT2_SUV_Audi,cT1_SUV,cT2_SUV_Audi,1
668,13,not_cT1_SUV__cT2_SUV_Audi,cT1_SUV,cT2_SUV_Audi,2
669,13,cT1_SUV_not_cT2_Audi,cT1_SUV,cT2_Audi,0
670,13,cT1_SUV__cT2_Audi,cT1_SUV,cT2_Audi,1
671,13,not_cT1_SUV__cT2_Audi,cT1_SUV,cT2_Audi,2
672,13,cT1_Sedan_not_cT2_SUV_BMW,cT1_Sedan,cT2_SUV_BMW,0
673,13,cT1_Sedan__cT2_SUV_BMW,cT1_Sedan,cT2_SUV_BMW,1
674,13,not_cT1_Sedan__cT2_SUV_BMW,cT1_Sedan,cT2_SUV_BMW,2
675,13,cT1_Sedan_not_cT2_BMW,cT1_Sedan,cT2_BMW,0
676,13,cT1_Sedan__cT2_BMW,cT1_Sedan,cT2_BMW,1
677,13,not_cT1_Sedan__cT2_BMW,cT1_Sedan,cT2_BMW,2
678,13,cT1_Sedan_not_cT2_Sedan_Audi,cT1_Sedan,cT2_Sedan_Audi,0
679,13,cT1_Sedan__cT2_Sedan_Audi,cT1_Sedan,cT2_Sedan_Audi,1
680,13,not_cT1_Sedan__cT2_Sedan_Audi,cT1_Sedan,cT2_Sedan_Audi,2
681,13,cT1_Sedan_not_cT2_SUV_Audi,cT1_Sedan,cT2_SUV_Audi,0
682,13,cT1_Sedan__cT2_SUV_Audi,cT1_Sedan,cT2_SUV_Audi,1
683,13,not_cT1_Sedan__cT2_SUV_Audi,cT1_Sedan,cT2_SUV_Audi,2
684,13,cT1_Sedan_not_cT2_Audi,cT1_Sedan,cT2_Audi,0
685,13,cT1_Sedan__cT2_Audi,cT1_Sedan,cT2_Audi,1
686,13,not_cT1_Sedan__cT2_Audi,cT1_Sedan,cT2_Audi,2
687,13,cT1_Sedan_Audi_not_cT2_SUV_BMW,cT1_Sedan_Audi,cT2_SUV_BMW,0
688,13,cT1_Sedan_Audi__cT2_SUV_BMW,cT1_Sedan_Audi,cT2_SUV_BMW,1
689,13,not_cT1_Sedan_Audi__cT2_SUV_BMW,cT1_Sedan_Audi,cT2_SUV_BMW,2
690,13,cT1_Sedan_Audi_not_cT2_BMW,cT1_Sedan_Audi,cT2_BMW,0
691,13,cT1_Sedan_Audi__cT2_BMW,cT1_Sedan_Audi,cT2_BMW,1
692,13,not_cT1_Sedan_Audi__cT2_BMW,cT1_Sedan_Audi,cT2_BMW,2
693,13,cT1_Sedan_Audi_not_cT2_Sedan_Audi,cT1_Sedan_Audi,cT2_Sedan_Audi,0
694,13,cT1_Sedan_Audi__cT2_Sedan_Audi,cT1_Sedan_Audi,cT2_Sedan_Audi,1
695,13,not_cT1_Sedan_Audi__cT2_Sedan_Audi,cT1_Sedan_Audi,cT2_Sedan_Audi,2
696,13,cT1_Sedan_Audi_not_cT2_SUV_Audi,cT1_Sedan_Audi,cT2_SUV_Audi,0
697,13,cT1_Sedan_Audi__cT2_SUV_Audi,cT1_Sedan_Audi,cT2_SUV_Audi,1
698,13,not_cT1_Sedan_Audi__cT2_SUV_Audi,cT1_Sedan_Audi,cT2_SUV_Audi,2
699,13,cT1_Sedan_Audi_not_cT2_Audi,cT1_Sedan_Audi,cT2_Audi,0
700,13,cT1_Sedan_Audi__cT2_Audi,cT1_Sedan_Audi,cT2_Audi,1
701,13,not_cT1_Sedan_Audi__cT2_Audi,cT1_Sedan_Audi,cT2_Audi,2
702,14,cT1_Wagon_not_cT2_SUV_BMW,cT1_Wagon,cT2_SUV_BMW,0
703,14,cT1_Wagon__cT2_SUV_BMW,cT1_Wagon,cT2_SUV_BMW,1
704,14,not_cT1_Wagon__cT2_SUV_BMW,cT1_Wagon,cT2_SUV_BMW,2
705,14,cT1_Wagon_not_cT2_BMW,cT1_Wagon,cT2_BMW,0
706,14,cT1_Wagon__cT2_BMW,cT1_Wagon,cT2_BMW,1
707,14,not_cT1_Wagon__cT2_BMW,cT1_Wagon,cT2_BMW,2
708,14,cT1_Wagon_not_cT2_Audi,cT1_Wagon,cT2_Audi,0
709,14,cT1_Wagon__cT2_Audi,cT1_Wagon,cT2_Audi,1
710,14,not_cT1_Wagon__cT2_Audi,cT1_Wagon,cT2_Audi,2
711,14,cT1_SUV_not_cT2_SUV_BMW,cT1_SUV,cT2_SUV_BMW,0
712,14,cT1_SUV__cT2_SUV_BMW,cT1_SUV,cT2_SUV_BMW,1
713,14,not_cT1_SUV__cT2_SUV_BMW,cT1_SUV,cT2_SUV_BMW,2
714,14,cT1_SUV_not_cT2_BMW,cT1_SUV,cT2_BMW,0
715,14,cT1_SUV__cT2_BMW,cT1_SUV,cT2_BMW,1
716,14,not_cT1_SUV__cT2_BMW,cT1_SUV,cT2_BMW,2
717,14,cT1_SUV_not_cT2_Sedan_Audi,cT1_SUV,cT2_Sedan_Audi,0
718,14,cT1_SUV__cT2_Sedan_Audi,cT1_SUV,cT2_Sedan_Audi,1
719,14,not_cT1_SUV__cT2_Sedan_Audi,cT1_SUV,cT2_Sedan_Audi,2
720,14,cT1_SUV_not_cT2_SUV_Audi,cT1_SUV,cT2_SUV_Audi,0
721,14,cT1_SUV__cT2_SUV_Audi,cT1_SUV,cT2_SUV_Audi,1
722,14,not_cT1_SUV__cT2_SUV_Audi,cT1_SUV,cT2_SUV_Audi,2
723,14,cT1_SUV_not_cT2_Audi,cT1_SUV,cT2_Audi,0
724,14,cT1_SUV__cT2_Audi,cT1_SUV,cT2_Audi,1
725,14,not_cT1_SUV__cT2_Audi,cT1_SUV,cT2_Audi,2
726,14,cT1_Sedan_not_cT2_SUV_BMW,cT1_Sedan,cT2_SUV_BMW,0
727,14,cT1_Sedan__cT2_SUV_BMW,cT1_Sedan,cT2_SUV_BMW,1
728,14,not_cT1_Sedan__cT2_SUV_BMW,cT1_Sedan,cT2_SUV_BMW,2
729,14,cT1_Sedan_not_cT2_BMW,cT1_Sedan,cT2_BMW,0
730,14,cT1_Sedan__cT2_BMW,cT1_Sedan,cT2_BMW,1
731,14,not_cT1_Sedan__cT2_BMW,cT1_Sedan,cT2_BMW,2
732,14,cT1_Sedan_not_cT2_Sedan_Audi,cT1_Sedan,cT2_Sedan_Audi,0
733,14,cT1_Sedan__cT2_Sedan_Audi,cT1_Sedan,cT2_Sedan_Audi,1
734,14,not_cT1_Sedan__cT2_Sedan_Audi,cT1_Sedan,cT2_Sedan_Audi,2
735,14,cT1_Sedan_not_cT2_SUV_Audi,cT1_Sedan,cT2_SUV_Audi,0
736,14,cT1_Sedan__cT2_SUV_Audi,cT1_Sedan,cT2_SUV_Audi,1
737,14,not_cT1_Sedan__cT2_SUV_Audi,cT1_Sedan,cT2_SUV_Audi,2
738,14,cT1_Sedan_not_cT2_Audi,cT1_Sedan,cT2_Audi,0
739,14,cT1_Sedan__cT2_Audi,cT1_Sedan,cT2_Audi,1
740,14,not_cT1_Sedan__cT2_Audi,cT1_Sedan,cT2_Audi,2
741,14,cT1_Sedan_Audi_not_cT2_SUV_BMW,cT1_Sedan_Audi,cT2_SUV_BMW,0
742,14,cT1_Sedan_Audi__cT2_SUV_BMW,cT1_Sedan_Audi,cT2_SUV_BMW,1
743,14,not_cT1_Sedan_Audi__cT2_SUV_BMW,cT1_Sedan_Audi,cT2_SUV_BMW,2
744,14,cT1_Sedan_Audi_not_cT2_BMW,cT1_Sedan_Audi,cT2_BMW,0
745,14,cT1_Sedan_Audi__cT2_BMW,cT1_Sedan_Audi,cT2_BMW,1
746,14,not_cT1_Sedan_Audi__cT2_BMW,cT1_Sedan_Audi,cT2_BMW,2
747,14,cT1_Sedan_Audi_not_cT2_Sedan_Audi,cT1_Sedan_Audi,cT2_Sedan_Audi,0
748,14,cT1_Sedan_Audi__cT2_Sedan_Audi,cT1_Sedan_Audi,cT2_Sedan_Audi,1
749,14,not_cT1_Sedan_Audi__cT2_Sedan_Audi,cT1_Sedan_Audi,cT2_Sedan_Audi,2
750,14,cT1_Sedan_Audi_not_cT2_SUV_Audi,cT1_Sedan_Audi,cT2_SUV_Audi,0
751,14,cT1_Sedan_Audi__cT2_SUV_Audi,cT1_Sedan_Audi,cT2_SUV_Audi,1
752,14,not_cT1_Sedan_Audi__cT2_SUV_Audi,cT1_Sedan_Audi,cT2_SUV_Audi,2
753,14,cT1_Sedan_Audi_not_cT2_Audi,cT1_Sedan_Audi,cT2_Audi,0
754,14,cT1_Sedan_Audi__cT2_Audi,cT1_Sedan_Audi,cT2_Audi,1
755,14,not_cT1_Sedan_Audi__cT2_Audi,cT1_Sedan_Audi,cT2_Audi,2
756,15,cT1_Wagon_not_cT2_SUV_BMW,cT1_Wagon,cT2_SUV_BMW,0
757,15,cT1_Wagon__cT2_SUV_BMW,cT1_Wagon,cT2_SUV_BMW,1
758,15,not_cT1_Wagon__cT2_SUV_BMW,cT1_Wagon,cT2_SUV_BMW,2
759,15,cT1_Wagon_not_cT2_BMW,cT1_Wagon,cT2_BMW,0
760,15,cT1_Wagon__cT2_BMW,cT1_Wagon,cT2_BMW,1
761,15,not_cT1_Wagon__cT2_BMW,cT1_Wagon,cT2_BMW,2
762,15,cT1_Wagon_not_cT2_Audi,cT1_Wagon,cT2_Audi,0
763,15,cT1_Wagon__cT2_Audi,cT1_Wagon,cT2_Audi,1
764,15,not_cT1_Wagon__cT2_Audi,cT1_Wagon,cT2_Audi,2
765,15,cT1_SUV_not_cT2_SUV_BMW,cT1_SUV,cT2_SUV_BMW,0
766,15,cT1_SUV__cT2_SUV_BMW,cT1_SUV,cT2_SUV_BMW,1
767,15,not_cT1_SUV__cT2_SUV_BMW,cT1_SUV,cT2_SUV_BMW,2
768,15,cT1_SUV_not_cT2_BMW,cT1_SUV,cT2_BMW,0
769,15,cT1_SUV__cT2_BMW,cT1_SUV,cT2_BMW,1
770,15,not_cT1_SUV__cT2_BMW,cT1_SUV,cT2_BMW,2
771,15,cT1_SUV_not_cT2_Sedan_Audi,cT1_SUV,cT2_Sedan_Audi,0
772,15,cT1_SUV__cT2_Sedan_Audi,cT1_SUV,cT2_Sedan_Audi,1
773,15,not_cT1_SUV__cT2_Sedan_Audi,cT1_SUV,cT2_Sedan_Audi,2
774,15,cT1_SUV_not_cT2_SUV_Audi,cT1_SUV,cT2_SUV_Audi,0
775,15,cT1_SUV__cT2_SUV_Audi,cT1_SUV,cT2_SUV_Audi,1
776,15,not_cT1_SUV__cT2_SUV_Audi,cT1_SUV,cT2_SUV_Audi,2
777,15,cT1_SUV_not_cT2_Audi,cT1_SUV,cT2_Audi,0
778,15,cT1_SUV__cT2_Audi,cT1_SUV,cT2_Audi,1
779,15,not_cT1_SUV__cT2_Audi,cT1_SUV,cT2_Audi,2
780,15,cT1_Sedan_not_cT2_SUV_BMW,cT1_Sedan,cT2_SUV_BMW,0
781,15,cT1_Sedan__cT2_SUV_BMW,cT1_Sedan,cT2_SUV_BMW,1
782,15,not_cT1_Sedan__cT2_SUV_BMW,cT1_Sedan,cT2_SUV_BMW,2
783,15,cT1_Sedan_not_cT2_BMW,cT1_Sedan,cT2_BMW,0
784,15,cT1_Sedan__cT2_BMW,cT1_Sedan,cT2_BMW,1
785,15,not_cT1_Sedan__cT2_BMW,cT1_Sedan,cT2_BMW,2
786,15,cT1_Sedan_not_cT2_Sedan_Audi,cT1_Sedan,cT2_Sedan_Audi,0
787,15,cT1_Sedan__cT2_Sedan_Audi,cT1_Sedan,cT2_Sedan_Audi,1
788,15,not_cT1_Sedan__cT2_Sedan_Audi,cT1_Sedan,cT2_Sedan_Audi,2
789,15,cT1_Sedan_not_cT2_SUV_Audi,cT1_Sedan,cT2_SUV_Audi,0
790,15,cT1_Sedan__cT2_SUV_Audi,cT1_Sedan,cT2_SUV_Audi,1
791,15,not_cT1_Sedan__cT2_SUV_Audi,cT1_Sedan,cT2_SUV_Audi,2
792,15,cT1_Sedan_not_cT2_Audi,cT1_Sedan,cT2_Audi,0
793,15,cT1_Sedan__cT2_Audi,cT1_Sedan,cT2_Audi,1
794,15,not_cT1_Sedan__cT2_Audi,cT1_Sedan,cT2_Audi,2
795,15,cT1_Sedan_Audi_not_cT2_SUV_BMW,cT1_Sedan_Audi,cT2_SUV_BMW,0
796,15,cT1_Sedan_Audi__cT2_SUV_BMW,cT1_Sedan_Audi,cT2_SUV_BMW,1
797,15,not_cT1_Sedan_Audi__cT2_SUV_BMW,cT1_Sedan_Audi,cT2_SUV_BMW,2
798,15,cT1_Sedan_Audi_not_cT2_BMW,cT1_Sedan_Audi,cT2_BMW,0
799,15,cT1_Sedan_Audi__cT2_BMW,cT1_Sedan_Audi,cT2_BMW,1
800,15,not_cT1_Sedan_Audi__cT2_BMW,cT1_Sedan_Audi,cT2_BMW,2
801,15,cT1_Sedan_Audi_not_cT2_Sedan_Audi,cT1_Sedan_Audi,cT2_Sedan_Audi,0
802,15,cT1_Sedan_Audi__cT2_Sedan_Audi,cT1_Sedan_Audi,cT2_Sedan_Audi,1
803,15,not_cT1_Sedan_Audi__cT2_Sedan_Audi,cT1_Sedan_Audi,cT2_Sedan_Audi,2
804,15,cT1_Sedan_Audi_not_cT2_SUV_Audi,cT1_Sedan_Audi,cT2_SUV_Audi,0
805,15,cT1_Sedan_Audi__cT2_SUV_Audi,cT1_Sedan_Audi,cT2_SUV_Audi,1
806,15,not_cT1_Sedan_Audi__cT2_SUV_Audi,cT1_Sedan_Audi,cT2_SUV_Audi,2
807,15,cT1_Sedan_Audi_not_cT2_Audi,cT1_Sedan_Audi,cT2_Audi,0
808,15,cT1_Sedan_Audi__cT2_Audi,cT1_Sedan_Audi,cT2_Audi,1
809,15,not_cT1_Sedan_Audi__cT2_Audi,cT1_Sedan_Audi,cT2_Audi,2
810,16,cT1_Wagon_not_cT2_SUV_BMW,cT1_Wagon,cT2_SUV_BMW,0
811,16,cT1_Wagon__cT2_SUV_BMW,cT1_Wagon,cT2_SUV_BMW,1
812,16,not_cT1_Wagon__cT2_SUV_BMW,cT1_Wagon,cT2_SUV_BMW,2
813,16,cT1_Wagon_not_cT2_BMW,cT1_Wagon,cT2_BMW,0
814,16,cT1_Wagon__cT2_BMW,cT1_Wagon,cT2_BMW,1
815,16,not_cT1_Wagon__cT2_BMW,cT1_Wagon,cT2_BMW,2
816,16,cT1_Wagon_not_cT2_Audi,cT1_Wagon,cT2_Audi,0
817,16,cT1_Wagon__cT2_Audi,cT1_Wagon,cT2_Audi,1
818,16,not_cT1_Wagon__cT2_Audi,cT1_Wagon,cT2_Audi,2
819,16,cT1_SUV_not_cT2_SUV_BMW,cT1_SUV,cT2_SUV_BMW,0
820,16,cT1_SUV__cT2_SUV_BMW,cT1_SUV,cT2_SUV_BMW,1
821,16,not_cT1_SUV__cT2_SUV_BMW,cT1_SUV,cT2_SUV_BMW,2
822,16,cT1_SUV_not_cT2_BMW,cT1_SUV,cT2_BMW,0
823,16,cT1_SUV__cT2_BMW,cT1_SUV,cT2_BMW,1
824,16,not_cT1_SUV__cT2_BMW,cT1_SUV,cT2_BMW,2
825,16,cT1_SUV_not_cT2_Sedan_Audi,cT1_SUV,cT2_Sedan_Audi,0
826,16,cT1_SUV__cT2_Sedan_Audi,cT1_SUV,cT2_Sedan_Audi,1
827,16,not_cT1_SUV__cT2_Sedan_Audi,cT1_SUV,cT2_Sedan_Audi,2
828,16,cT1_SUV_not_cT2_SUV_Audi,cT1_SUV,cT2_SUV_Audi,0
829,16,cT1_SUV__cT2_SUV_Audi,cT1_SUV,cT2_SUV_Audi,1
830,16,not_cT1_SUV__cT2_SUV_Audi,cT1_SUV,cT2_SUV_Audi,2
831,16,cT1_SUV_not_cT2_Audi,cT1_SUV,cT2_Audi,0
832,16,cT1_SUV__cT2_Audi,cT1_SUV,cT2_Audi,1
833,16,not_cT1_SUV__cT2_Audi,cT1_SUV,cT2_Audi,2
834,16,cT1_Sedan_not_cT2_SUV_BMW,cT1_Sedan,cT2_SUV_BMW,0
835,16,cT1_Sedan__cT2_SUV_BMW,cT1_Sedan,cT2_SUV_BMW,1
836,16,not_cT1_Sedan__cT2_SUV_BMW,cT1_Sedan,cT2_SUV_BMW,2
837,16,cT1_Sedan_not_cT2_BMW,cT1_Sedan,cT2_BMW,0
838,16,cT1_Sedan__cT2_BMW,cT1_Sedan,cT2_BMW,1
839,16,not_cT1_Sedan__cT2_BMW,cT1_Sedan,cT2_BMW,2
840,16,cT1_Sedan_not_cT2_Sedan_Audi,cT1_Sedan,cT2_Sedan_Audi,0
841,16,cT1_Sedan__cT2_Sedan_Audi,cT1_Sedan,cT2_Sedan_Audi,1
842,16,not_cT1_Sedan__cT2_Sedan_Audi,cT1_Sedan,cT2_Sedan_Audi,2
843,16,cT1_Sedan_not_cT2_SUV_Audi,cT1_Sedan,cT2_SUV_Audi,0
844,16,cT1_Sedan__cT2_SUV_Audi,cT1_Sedan,cT2_SUV_Audi,1
845,16,not_cT1_Sedan__cT2_SUV_Audi,cT1_Sedan,cT2_SUV_Audi,2
846,16,cT1_Sedan_not_cT2_Audi,cT1_Sedan,cT2_Audi,0
847,16,cT1_Sedan__cT2_Audi,cT1_Sedan,cT2_Audi,1
848,16,not_cT1_Sedan__cT2_Audi,cT1_Sedan,cT2_Audi,2
849,16,cT1_Sedan_Audi_not_cT2_SUV_BMW,cT1_Sedan_Audi,cT2_SUV_BMW,0
850,16,cT1_Sedan_Audi__cT2_SUV_BMW,cT1_Sedan_Audi,cT2_SUV_BMW,1
851,16,not_cT1_Sedan_Audi__cT2_SUV_BMW,cT1_Sedan_Audi,cT2_SUV_BMW,2
852,16,cT1_Sedan_Audi_not_cT2_BMW,cT1_Sedan_Audi,cT2_BMW,0
853,16,cT1_Sedan_Audi__cT2_BMW,cT1_Sedan_Audi,cT2_BMW,1
854,16,not_cT1_Sedan_Audi__cT2_BMW,cT1_Sedan_Audi,cT2_BMW,2
855,16,cT1_Sedan_Audi_not_cT2_Sedan_Audi,cT1_Sedan_Audi,cT2_Sedan_Audi,0
856,16,cT1_Sedan_Audi__cT2_Sedan_Audi,cT1_Sedan_Audi,cT2_Sedan_Audi,1
857,16,not_cT1_Sedan_Audi__cT2_Sedan_Audi,cT1_Sedan_Audi,cT2_Sedan_Audi,2
858,16,cT1_Sedan_Audi_not_cT2_SUV_Audi,cT1_Sedan_Audi,cT2_SUV_Audi,0
859,16,cT1_Sedan_Audi__cT2_SUV_Audi,cT1_Sedan_Audi,cT2_SUV_Audi,1
860,16,not_cT1_Sedan_Audi__cT2_SUV_Audi,cT1_Sedan_Audi,cT2_SUV_Audi,2
861,16,cT1_Sedan_Audi_not_cT2_Audi,cT1_Sedan_Audi,cT2_Audi,0
862,16,cT1_Sedan_Audi__cT2_Audi,cT1_Sedan_Audi,cT2_Audi,1
863,16,not_cT1_Sedan_Audi__cT2_Audi,cT1_Sedan_Audi,cT2_Audi,2
864,17,cT1_Wagon_not_cT2_SUV_BMW,cT1_Wagon,cT2_SUV_BMW,0
865,17,cT1_Wagon__cT2_SUV_BMW,cT1_Wagon,cT2_SUV_BMW,1
866,17,not_cT1_Wagon__cT2_SUV_BMW,cT1_Wagon,cT2_SUV_BMW,2
867,17,cT1_Wagon_not_cT2_BMW,cT1_Wagon,cT2_BMW,0
868,17,cT1_Wagon__cT2_BMW,cT1_Wagon,cT2_BMW,1
869,17,not_cT1_Wagon__cT2_BMW,cT1_Wagon,cT2_BMW,2
870,17,cT1_Wagon_not_cT2_Audi,cT1_Wagon,cT2_Audi,0
871,17,cT1_Wagon__cT2_Audi,cT1_Wagon,cT2_Audi,1
872,17,not_cT1_Wagon__cT2_Audi,cT1_Wagon,cT2_Audi,2
873,17,cT1_SUV_not_cT2_SUV_BMW,cT1_SUV,cT2_SUV_BMW,0
874,17,cT1_SUV__cT2_SUV_BMW,cT1_SUV,cT2_SUV_BMW,1
875,17,not_cT1_SUV__cT2_SUV_BMW,cT1_SUV,cT2_SUV_BMW,2
876,17,cT1_SUV_not_cT2_BMW,cT1_SUV,cT2_BMW,0
877,17,cT1_SUV__cT2_BMW,cT1_SUV,cT2_BMW,1
878,17,not_cT1_SUV__cT2_BMW,cT1_SUV,cT2_BMW,2
879,17,cT1_SUV_not_cT2_Sedan_Audi,cT1_SUV,cT2_Sedan_Audi,0
880,17,cT1_SUV__cT2_Sedan_Audi,cT1_SUV,cT2_Sedan_Audi,1
881,17,not_cT1_SUV__cT2_Sedan_Audi,cT1_SUV,cT2_Sedan_Audi,2
882,17,cT1_SUV_not_cT2_SUV_Audi,cT1_SUV,cT2_SUV_Audi,0
883,17,cT1_SUV__cT2_SUV_Audi,cT1_SUV,cT2_SUV_Audi,1
884,17,not_cT1_SUV__cT2_SUV_Audi,cT1_SUV,cT2_SUV_Audi,2
885,17,cT1_SUV_not_cT2_Audi,cT1_SUV,cT2_Audi,0
886,17,cT1_SUV__cT2_Audi,cT1_SUV,cT2_Audi,1
887,17,not_cT1_SUV__cT2_Audi,cT1_SUV,cT2_Audi,2
888,17,cT1_Sedan_not_cT2_SUV_BMW,cT1_Sedan,cT2_SUV_BMW,0
889,17,cT1_Sedan__cT2_SUV_BMW,cT1_Sedan,cT2_SUV_BMW,1
890,17,not_cT1_Sedan__cT2_SUV_BMW,cT1_Sedan,cT2_SUV_BMW,2
891,17,cT1_Sedan_not_cT2_BMW,cT1_Sedan,cT2_BMW,0
892,17,cT1_Sedan__cT2_BMW,cT1_Sedan,cT2_BMW,1
893,17,not_cT1_Sedan__cT2_BMW,cT1_Sedan,cT2_BMW,2
894,17,cT1_Sedan_not_cT2_Sedan_Audi,cT1_Sedan,cT2_Sedan_Audi,0
895,17,cT1_Sedan__cT2_Sedan_Audi,cT1_Sedan,cT2_Sedan_Audi,1
896,17,not_cT1_Sedan__cT2_Sedan_Audi,cT1_Sedan,cT2_Sedan_Audi,2
897,17,cT1_Sedan_not_cT2_SUV_Audi,cT1_Sedan,cT2_SUV_Audi,0
898,17,cT1_Sedan__cT2_SUV_Audi,cT1_Sedan,cT2_SUV_Audi,1
899,17,not_cT1_Sedan__cT2_SUV_Audi,cT1_Sedan,cT2_SUV_Audi,2
900,17,cT1_Sedan_not_cT2_Audi,cT1_Sedan,cT2_Audi,0
901,17,cT1_Sedan__cT2_Audi,cT1_Sedan,cT2_Audi,1
902,17,not_cT1_Sedan__cT2_Audi,cT1_Sedan,cT2_Audi,2
903,17,cT1_Sedan_Audi_not_cT2_SUV_BMW,cT1_Sedan_Audi,cT2_SUV_BMW,0
904,17,cT1_Sedan_Audi__cT2_SUV_BMW,cT1_Sedan_Audi,cT2_SUV_BMW,1
905,17,not_cT1_Sedan_Audi__cT2_SUV_BMW,cT1_Sedan_Audi,cT2_SUV_BMW,2
906,17,cT1_Sedan_Audi_not_cT2_BMW,cT1_Sedan_Audi,cT2_BMW,0
907,17,cT1_Sedan_Audi__cT2_BMW,cT1_Sedan_Audi,cT2_BMW,1
908,17,not_cT1_Sedan_Audi__cT2_BMW,cT1_Sedan_Audi,cT2_BMW,2
909,17,cT1_Sedan_Audi_not_cT2_Sedan_Audi,cT1_Sedan_Audi,cT2_Sedan_Audi,0
910,17,cT1_Sedan_Audi__cT2_Sedan_Audi,cT1_Sedan_Audi,cT2_Sedan_Audi,1
911,17,not_cT1_Sedan_Audi__cT2_Sedan_Audi,cT1_Sedan_Audi,cT2_Sedan_Audi,2
912,17,cT1_Sedan_Audi_not_cT2_SUV_Audi,cT1_Sedan_Audi,cT2_SUV_Audi,0
913,17,cT1_Sedan_Audi__cT2_SUV_Audi,cT1_Sedan_Audi,cT2_SUV_Audi,1
914,17,not_cT1_Sedan_Audi__cT2_SUV_Audi,cT1_Sedan_Audi,cT2_SUV_Audi,2
915,17,cT1_Sedan_Audi_not_cT2_Audi,cT1_Sedan_Audi,cT2_Audi,0
916,17,cT1_Sedan_Audi__cT2_Audi,cT1_Sedan_Audi,cT2_Audi,1
917,17,not_cT1_Sedan_Audi__cT2_Audi,cT1_Sedan_Audi,cT2_Audi,2
918,18,cT1_Wagon_not_cT2_SUV_BMW,cT1_Wagon,cT2_SUV_BMW,0
919,18,cT1_Wagon__cT2_SUV_BMW,cT1_Wagon,cT2_SUV_BMW,1
920,18,not_cT1_Wagon__cT2_SUV_BMW,cT1_Wagon,cT2_SUV_BMW,2
921,18,cT1_Wagon_not_cT2_BMW,cT1_Wagon,cT2_BMW,0
922,18,cT1_Wagon__cT2_BMW,cT1_Wagon,cT2_BMW,1
923,18,not_cT1_Wagon__cT2_BMW,cT1_Wagon,cT2_BMW,2
924,18,cT1_Wagon_not_cT2_Audi,cT1_Wagon,cT2_Audi,0
925,18,cT1_Wagon__cT2_Audi,cT1_Wagon,cT2_Audi,1
926,18,not_cT1_Wagon__cT2_Audi,cT1_Wagon,cT2_Audi,2
927,18,cT1_SUV_not_cT2_SUV_BMW,cT1_SUV,cT2_SUV_BMW,0
928,18,cT1_SUV__cT2_SUV_BMW,cT1_SUV,cT2_SUV_BMW,1
929,18,not_cT1_SUV__cT2_SUV_BMW,cT1_SUV,cT2_SUV_BMW,2
930,18,cT1_SUV_not_cT2_BMW,cT1_SUV,cT2_BMW,0
931,18,cT1_SUV__cT2_BMW,cT1_SUV,cT2_BMW,1
932,18,not_cT1_SUV__cT2_BMW,cT1_SUV,cT2_BMW,2
933,18,cT1_SUV_not_cT2_Sedan_Audi,cT1_SUV,cT2_Sedan_Audi,0
934,18,cT1_SUV__cT2_Sedan_Audi,cT1_SUV,cT2_Sedan_Audi,1
935,18,not_cT1_SUV__cT2_Sedan_Audi,cT1_SUV,cT2_Sedan_Audi,2
936,18,cT1_SUV_not_cT2_SUV_Audi,cT1_SUV,cT2_SUV_Audi,0
937,18,cT1_SUV__cT2_SUV_Audi,cT1_SUV,cT2_SUV_Audi,1
938,18,not_cT1_SUV__cT2_SUV_Audi,cT1_SUV,cT2_SUV_Audi,2
939,18,cT1_SUV_not_cT2_Audi,cT1_SUV,cT2_Audi,0
940,18,cT1_SUV__cT2_Audi,cT1_SUV,cT2_Audi,1
941,18,not_cT1_SUV__cT2_Audi,cT1_SUV,cT2_Audi,2
942,18,cT1_Sedan_not_cT2_SUV_BMW,cT1_Sedan,cT2_SUV_BMW,0
943,18,cT1_Sedan__cT2_SUV_BMW,cT1_Sedan,cT2_SUV_BMW,1
944,18,not_cT1_Sedan__cT2_SUV_BMW,cT1_Sedan,cT2_SUV_BMW,2
945,18,cT1_Sedan_not_cT2_BMW,cT1_Sedan,cT2_BMW,0
946,18,cT1_Sedan__cT2_BMW,cT1_Sedan,cT2_BMW,1
947,18,not_cT1_Sedan__cT2_BMW,cT1_Sedan,cT2_BMW,2
948,18,cT1_Sedan_not_cT2_Sedan_Audi,cT1_Sedan,cT2_Sedan_Audi,0
949,18,cT1_Sedan__cT2_Sedan_Audi,cT1_Sedan,cT2_Sedan_Audi,1
950,18,not_cT1_Sedan__cT2_Sedan_Audi,cT1_Sedan,cT2_Sedan_Audi,2
951,18,cT1_Sedan_not_cT2_SUV_Audi,cT1_Sedan,cT2_SUV_Audi,0
952,18,cT1_Sedan__cT2_SUV_Audi,cT1_Sedan,cT2_SUV_Audi,1
953,18,not_cT1_Sedan__cT2_SUV_Audi,cT1_Sedan,cT2_SUV_Audi,2
954,18,cT1_Sedan_not_cT2_Audi,cT1_Sedan,cT2_Audi,0
955,18,cT1_Sedan__cT2_Audi,cT1_Sedan,cT2_Audi,1
956,18,not_cT1_Sedan__cT2_Audi,cT1_Sedan,cT2_Audi,2
957,18,cT1_Sedan_Audi_not_cT2_SUV_BMW,cT1_Sedan_Audi,cT2_SUV_BMW,0
958,18,cT1_Sedan_Audi__cT2_SUV_BMW,cT1_Sedan_Audi,cT2_SUV_BMW,1
959,18,not_cT1_Sedan_Audi__cT2_SUV_BMW,cT1_Sedan_Audi,cT2_SUV_BMW,2
960,18,cT1_Sedan_Audi_not_cT2_BMW,cT1_Sedan_Audi,cT2_BMW,0
961,18,cT1_Sedan_Audi__cT2_BMW,cT1_Sedan_Audi,cT2_BMW,1
962,18,not_cT1_Sedan_Audi__cT2_BMW,cT1_Sedan_Audi,cT2_BMW,2
963,18,cT1_Sedan_Audi_not_cT2_Sedan_Audi,cT1_Sedan_Audi,cT2_Sedan_Audi,0
964,18,cT1_Sedan_Audi__cT2_Sedan_Audi,cT1_Sedan_Audi,cT2_Sedan_Audi,1
965,18,not_cT1_Sedan_Audi__cT2_Sedan_Audi,cT1_Sedan_Audi,cT2_Sedan_Audi,2
966,18,cT1_Sedan_Audi_not_cT2_SUV_Audi,cT1_Sedan_Audi,cT2_SUV_Audi,0
967,18,cT1_Sedan_Audi__cT2_SUV_Audi,cT1_Sedan_Audi,cT2_SUV_Audi,1
968,18,not_cT1_Sedan_Audi__cT2_SUV_Audi,cT1_Sedan_Audi,cT2_SUV_Audi,2
969,18,cT1_Sedan_Audi_not_cT2_Audi,cT1_Sedan_Audi,cT2_Audi,0
970,18,cT1_Sedan_Audi__cT2_Audi,cT1_Sedan_Audi,cT2_Audi,1
971,18,not_cT1_Sedan_Audi__cT2_Audi,cT1_Sedan_Audi,cT2_Audi,2
972,19,cT1_Wagon_not_cT2_SUV_BMW,cT1_Wagon,cT2_SUV_BMW,0
973,19,cT1_Wagon__cT2_SUV_BMW,cT1_Wagon,cT2_SUV_BMW,1
974,19,not_cT1_Wagon__cT2_SUV_BMW,cT1_Wagon,cT2_SUV_BMW,2
975,19,cT1_Wagon_not_cT2_BMW,cT1_Wagon,cT2_BMW,0
976,19,cT1_Wagon__cT2_BMW,cT1_Wagon,cT2_BMW,1
977,19,not_cT1_Wagon__cT2_BMW,cT1_Wagon,cT2_BMW,2
978,19,cT1_Wagon_not_cT2_Audi,cT1_Wagon,cT2_Audi,0
979,19,cT1_Wagon__cT2_Audi,cT1_Wagon,cT2_Audi,1
980,19,not_cT1_Wagon__cT2_Audi,cT1_Wagon,cT2_Audi,2
981,19,cT1_SUV_not_cT2_SUV_BMW,cT1_SUV,cT2_SUV_BMW,0
982,19,cT1_SUV__cT2_SUV_BMW,cT1_SUV,cT2_SUV_BMW,1
983,19,not_cT1_SUV__cT2_SUV_BMW,cT1_SUV,cT2_SUV_BMW,2
984,19,cT1_SUV_not_cT2_BMW,cT1_SUV,cT2_BMW,0
985,19,cT1_SUV__cT2_BMW,cT1_SUV,cT2_BMW,1
986,19,not_cT1_SUV__cT2_BMW,cT1_SUV,cT2_BMW,2
987,19,cT1_SUV_not_cT2_Sedan_Audi,cT1_SUV,cT2_Sedan_Audi,0
988,19,cT1_SUV__cT2_Sedan_Audi,cT1_SUV,cT2_Sedan_Audi,1
989,19,not_cT1_SUV__cT2_Sedan_Audi,cT1_SUV,cT2_Sedan_Audi,2
990,19,cT1_SUV_not_cT2_SUV_Audi,cT1_SUV,cT2_SUV_Audi,0
991,19,cT1_SUV__cT2_SUV_Audi,cT1_SUV,cT2_SUV_Audi,1
992,19,not_cT1_SUV__cT2_SUV_Audi,cT1_SUV,cT2_SUV_Audi,2
993,19,cT1_SUV_not_cT2_Audi,cT1_SUV,cT2_Audi,0
994,19,cT1_SUV__cT2_Audi,cT1_SUV,cT2_Audi,1
995,19,not_cT1_SUV__cT2_Audi,cT1_SUV,cT2_Audi,2
996,19,cT1_Sedan_not_cT2_SUV_BMW,cT1_Sedan,cT2_SUV_BMW,0
997,19,cT1_Sedan__cT2_SUV_BMW,cT1_Sedan,cT2_SUV_BMW,1
998,19,not_cT1_Sedan__cT2_SUV_BMW,cT1_Sedan,cT2_SUV_BMW,2
999,19,cT1_Sedan_not_cT2_BMW,cT1_Sedan,cT2_BMW,0
1000,19,cT1_Sedan__cT2_BMW,cT1_Sedan,cT2_BMW,1
1001,19,not_cT1_Sedan__cT2_BMW,cT1_Sedan,cT2_BMW,2
1002,19,cT1_Sedan_not_cT2_Sedan_Audi,cT1_Sedan,cT2_Sedan_Audi,0
1003,19,cT1_Sedan__cT2_Sedan_Audi,cT1_Sedan,cT2_Sedan_Audi,1
1004,19,not_cT1_Sedan__cT2_Sedan_Audi,cT1_Sedan,cT2_Sedan_Audi,2
1005,19,cT1_Sedan_not_cT2_SUV_Audi,cT1_Sedan,cT2_SUV_Audi,0
1006,19,cT1_Sedan__cT2_SUV_Audi,cT1_Sedan,cT2_SUV_Audi,1
1007,19,not_cT1_Sedan__cT2_SUV_Audi,cT1_Sedan,cT2_SUV_Audi,2
1008,19,cT1_Sedan_not_cT2_Audi,cT1_Sedan,cT2_Audi,0
1009,19,cT1_Sedan__cT2_Audi,cT1_Sedan,cT2_Audi,1
1010,19,not_cT1_Sedan__cT2_Audi,cT1_Sedan,cT2_Audi,2
1011,19,cT1_Sedan_Audi_not_cT2_SUV_BMW,cT1_Sedan_Audi,cT2_SUV_BMW,0
1012,19,cT1_Sedan_Audi__cT2_SUV_BMW,cT1_Sedan_Audi,cT2_SUV_BMW,1
1013,19,not_cT1_Sedan_Audi__cT2_SUV_BMW,cT1_Sedan_Audi,cT2_SUV_BMW,2
1014,19,cT1_Sedan_Audi_not_cT2_BMW,cT1_Sedan_Audi,cT2_BMW,0
1015,19,cT1_Sedan_Audi__cT2_BMW,cT1_Sedan_Audi,cT2_BMW,1
1016,19,not_cT1_Sedan_Audi__cT2_BMW,cT1_Sedan_Audi,cT2_BMW,2
1017,19,cT1_Sedan_Audi_not_cT2_Sedan_Audi,cT1_Sedan_Audi,cT2_Sedan_Audi,0
1018,19,cT1_Sedan_Audi__cT2_Sedan_Audi,cT1_Sedan_Audi,cT2_Sedan_Audi,1
1019,19,not_cT1_Sedan_Audi__cT2_Sedan_Audi,cT1_Sedan_Audi,cT2_Sedan_Audi,2
1020,19,cT1_Sedan_Audi_not_cT2_SUV_Audi,cT1_Sedan_Audi,cT2_SUV_Audi,0
1021,19,cT1_Sedan_Audi__cT2_SUV_Audi,cT1_Sedan_Audi,cT2_SUV_Audi,1
1022,19,not_cT1_Sedan_Audi__cT2_SUV_Audi,cT1_Sedan_Audi,cT2_SUV_Audi,2
1023,19,cT1_Sedan_Audi_not_cT2_Audi,cT1_Sedan_Audi,cT2_Audi,0
1024,19,cT1_Sedan_Audi__cT2_Audi,cT1_Sedan_Audi,cT2_Audi,1
1025,19,not_cT1_Sedan_Audi__cT2_Audi,cT1_Sedan_Audi,cT2_Audi,2
1026,20,cT1_Wagon_not_cT2_SUV_BMW,cT1_Wagon,cT2_SUV_BMW,0
1027,20,cT1_Wagon__cT2_SUV_BMW,cT1_Wagon,cT2_SUV_BMW,1
1028,20,not_cT1_Wagon__cT2_SUV_BMW,cT1_Wagon,cT2_SUV_BMW,2
1029,20,cT1_Wagon_not_cT2_BMW,cT1_Wagon,cT2_BMW,0
1030,20,cT1_Wagon__cT2_BMW,cT1_Wagon,cT2_BMW,1
1031,20,not_cT1_Wagon__cT2_BMW,cT1_Wagon,cT2_BMW,2
1032,20,cT1_Wagon_not_cT2_Audi,cT1_Wagon,cT2_Audi,0
1033,20,cT1_Wagon__cT2_Audi,cT1_Wagon,cT2_Audi,1
1034,20,not_cT1_Wagon__cT2_Audi,cT1_Wagon,cT2_Audi,2
1035,20,cT1_SUV_not_cT2_SUV_BMW,cT1_SUV,cT2_SUV_BMW,0
1036,20,cT1_SUV__cT2_SUV_BMW,cT1_SUV,cT2_SUV_BMW,1
1037,20,not_cT1_SUV__cT2_SUV_BMW,cT1_SUV,cT2_SUV_BMW,2
1038,20,cT1_SUV_not_cT2_BMW,cT1_SUV,cT2_BMW,0
1039,20,cT1_SUV__cT2_BMW,cT1_SUV,cT2_BMW,1
1040,20,not_cT1_SUV__cT2_BMW,cT1_SUV,cT2_BMW,2
1041,20,cT1_SUV_not_cT2_Sedan_Audi,cT1_SUV,cT2_Sedan_Audi,0
1042,20,cT1_SUV__cT2_Sedan_Audi,cT1_SUV,cT2_Sedan_Audi,1
1043,20,not_cT1_SUV__cT2_Sedan_Audi,cT1_SUV,cT2_Sedan_Audi,2
1044,20,cT1_SUV_not_cT2_SUV_Audi,cT1_SUV,cT2_SUV_Audi,0
1045,20,cT1_SUV__cT2_SUV_Audi,cT1_SUV,cT2_SUV_Audi,1
1046,20,not_cT1_SUV__cT2_SUV_Audi,cT1_SUV,cT2_SUV_Audi,2
1047,20,cT1_SUV_not_cT2_Audi,cT1_SUV,cT2_Audi,0
1048,20,cT1_SUV__cT2_Audi,cT1_SUV,cT2_Audi,1
1049,20,not_cT1_SUV__cT2_Audi,cT1_SUV,cT2_Audi,2
1050,20,cT1_Sedan_not_cT2_SUV_BMW,cT1_Sedan,cT2_SUV_BMW,0
1051,20,cT1_Sedan__cT2_SUV_BMW,cT1_Sedan,cT2_SUV_BMW,1
1052,20,not_cT1_Sedan__cT2_SUV_BMW,cT1_Sedan,cT2_SUV_BMW,2
1053,20,cT1_Sedan_not_cT2_BMW,cT1_Sedan,cT2_BMW,0
1054,20,cT1_Sedan__cT2_BMW,cT1_Sedan,cT2_BMW,1
1055,20,not_cT1_Sedan__cT2_BMW,cT1_Sedan,cT2_BMW,2
1056,20,cT1_Sedan_not_cT2_Sedan_Audi,cT1_Sedan,cT2_Sedan_Audi,0
1057,20,cT1_Sedan__cT2_Sedan_Audi,cT1_Sedan,cT2_Sedan_Audi,1
1058,20,not_cT1_Sedan__cT2_Sedan_Audi,cT1_Sedan,cT2_Sedan_Audi,2
1059,20,cT1_Sedan_not_cT2_SUV_Audi,cT1_Sedan,cT2_SUV_Audi,0
1060,20,cT1_Sedan__cT2_SUV_Audi,cT1_Sedan,cT2_SUV_Audi,1
1061,20,not_cT1_Sedan__cT2_SUV_Audi,cT1_Sedan,cT2_SUV_Audi,2
1062,20,cT1_Sedan_not_cT2_Audi,cT1_Sedan,cT2_Audi,0
1063,20,cT1_Sedan__cT2_Audi,cT1_Sedan,cT2_Audi,1
1064,20,not_cT1_Sedan__cT2_Audi,cT1_Sedan,cT2_Audi,2
1065,20,cT1_Sedan_Audi_not_cT2_SUV_BMW,cT1_Sedan_Audi,cT2_SUV_BMW,0
1066,20,cT1_Sedan_Audi__cT2_SUV_BMW,cT1_Sedan_Audi,cT2_SUV_BMW,1
1067,20,not_cT1_Sedan_Audi__cT2_SUV_BMW,cT1_Sedan_Audi,cT2_SUV_BMW,2
1068,20,cT1_Sedan_Audi_not_cT2_BMW,cT1_Sedan_Audi,cT2_BMW,0
1069,20,cT1_Sedan_Audi__cT2_BMW,cT1_Sedan_Audi,cT2_BMW,1
1070,20,not_cT1_Sedan_Audi__cT2_BMW,cT1_Sedan_Audi,cT2_BMW,2
1071,20,cT1_Sedan_Audi_not_cT2_Sedan_Audi,cT1_Sedan_Audi,cT2_Sedan_Audi,0
1072,20,cT1_Sedan_Audi__cT2_Sedan_Audi,cT1_Sedan_Audi,cT2_Sedan_Audi,1
1073,20,not_cT1_Sedan_Audi__cT2_Sedan_Audi,cT1_Sedan_Audi,cT2_Sedan_Audi,2
1074,20,cT1_Sedan_Audi_not_cT2_SUV_Audi,cT1_Sedan_Audi,cT2_SUV_Audi,0
1075,20,cT1_Sedan_Audi__cT2_SUV_Audi,cT1_Sedan_Audi,cT2_SUV_Audi,1
1076,20,not_cT1_Sedan_Audi__cT2_SUV_Audi,cT1_Sedan_Audi,cT2_SUV_Audi,2
1077,20,cT1_Sedan_Audi_not_cT2_Audi,cT1_Sedan_Audi,cT2_Audi,0
1078,20,cT1_Sedan_Audi__cT2_Audi,cT1_Sedan_Audi,cT2_Audi,1
1079,20,not_cT1_Sedan_Audi__cT2_Audi,cT1_Sedan_Audi,cT2_Audi,2
1080,21,cT1_Wagon_not_cT2_SUV_BMW,cT1_Wagon,cT2_SUV_BMW,0
1081,21,cT1_Wagon__cT2_SUV_BMW,cT1_Wagon,cT2_SUV_BMW,1
1082,21,not_cT1_Wagon__cT2_SUV_BMW,cT1_Wagon,cT2_SUV_BMW,2
1083,21,cT1_Wagon_not_cT2_BMW,cT1_Wagon,cT2_BMW,0
1084,21,cT1_Wagon__cT2_BMW,cT1_Wagon,cT2_BMW,1
1085,21,not_cT1_Wagon__cT2_BMW,cT1_Wagon,cT2_BMW,2
1086,21,cT1_Wagon_not_cT2_Audi,cT1_Wagon,cT2_Audi,0
1087,21,cT1_Wagon__cT2_Audi,cT1_Wagon,cT2_Audi,1
1088,21,not_cT1_Wagon__cT2_Audi,cT1_Wagon,cT2_Audi,2
1089,21,cT1_SUV_not_cT2_SUV_BMW,cT1_SUV,cT2_SUV_BMW,0
1090,21,cT1_SUV__cT2_SUV_BMW,cT1_SUV,cT2_SUV_BMW,1
1091,21,not_cT1_SUV__cT2_SUV_BMW,cT1_SUV,cT2_SUV_BMW,2
1092,21,cT1_SUV_not_cT2_BMW,cT1_SUV,cT2_BMW,0
1093,21,cT1_SUV__cT2_BMW,cT1_SUV,cT2_BMW,1
1094,21,not_cT1_SUV__cT2_BMW,cT1_SUV,cT2_BMW,2
1095,21,cT1_SUV_not_cT2_Sedan_Audi,cT1_SUV,cT2_Sedan_Audi,0
1096,21,cT1_SUV__cT2_Sedan_Audi,cT1_SUV,cT2_Sedan_Audi,1
1097,21,not_cT1_SUV__cT2_Sedan_Audi,cT1_SUV,cT2_Sedan_Audi,2
1098,21,cT1_SUV_not_cT2_SUV_Audi,cT1_SUV,cT2_SUV_Audi,0
1099,21,cT1_SUV__cT2_SUV_Audi,cT1_SUV,cT2_SUV_Audi,1
1100,21,not_cT1_SUV__cT2_SUV_Audi,cT1_SUV,cT2_SUV_Audi,2
1101,21,cT1_SUV_not_cT2_Audi,cT1_SUV,cT2_Audi,0
1102,21,cT1_SUV__cT2_Audi,cT1_SUV,cT2_Audi,1
1103,21,not_cT1_SUV__cT2_Audi,cT1_SUV,cT2_Audi,2
1104,21,cT1_Sedan_not_cT2_SUV_BMW,cT1_Sedan,cT2_SUV_BMW,0
1105,21,cT1_Sedan__cT2_SUV_BMW,cT1_Sedan,cT2_SUV_BMW,1
1106,21,not_cT1_Sedan__cT2_SUV_BMW,cT1_Sedan,cT2_SUV_BMW,2
1107,21,cT1_Sedan_not_cT2_BMW,cT1_Sedan,cT2_BMW,0
1108,21,cT1_Sedan__cT2_BMW,cT1_Sedan,cT2_BMW,1
1109,21,not_cT1_Sedan__cT2_BMW,cT1_Sedan,cT2_BMW,2
1110,21,cT1_Sedan_not_cT2_Sedan_Audi,cT1_Sedan,cT2_Sedan_Audi,0
1111,21,cT1_Sedan__cT2_Sedan_Audi,cT1_Sedan,cT2_Sedan_Audi,1
1112,21,not_cT1_Sedan__cT2_Sedan_Audi,cT1_Sedan,cT2_Sedan_Audi,2
1113,21,cT1_Sedan_not_cT2_SUV_Audi,cT1_Sedan,cT2_SUV_Audi,0
1114,21,cT1_Sedan__cT2_SUV_Audi,cT1_Sedan,cT2_SUV_Audi,1
1115,21,not_cT1_Sedan__cT2_SUV_Audi,cT1_Sedan,cT2_SUV_Audi,2
1116,21,cT1_Sedan_not_cT2_Audi,cT1_Sedan,cT2_Audi,0
1117,21,cT1_Sedan__cT2_Audi,cT1_Sedan,cT2_Audi,1
1118,21,not_cT1_Sedan__cT2_Audi,cT1_Sedan,cT2_Audi,2
1119,21,cT1_Sedan_Audi_not_cT2_SUV_BMW,cT1_Sedan_Audi,cT2_SUV_BMW,0
1120,21,cT1_Sedan_Audi__cT2_SUV_BMW,cT1_Sedan_Audi,cT2_SUV_BMW,1
1121,21,not_cT1_Sedan_Audi__cT2_SUV_BMW,cT1_Sedan_Audi,cT2_SUV_BMW,2
1122,21,cT1_Sedan_Audi_not_cT2_BMW,cT1_Sedan_Audi,cT2_BMW,0
1123,21,cT1_Sedan_Audi__cT2_BMW,cT1_Sedan_Audi,cT2_BMW,1
1124,21,not_cT1_Sedan_Audi__cT2_BMW,cT1_Sedan_Audi,cT2_BMW,2
1125,21,cT1_Sedan_Audi_not_cT2_Sedan_Audi,cT1_Sedan_Audi,cT2_Sedan_Audi,0
1126,21,cT1_Sedan_Audi__cT2_Sedan_Audi,cT1_Sedan_Audi,cT2_Sedan_Audi,1
1127,21,not_cT1_Sedan_Audi__cT2_Sedan_Audi,cT1_Sedan_Audi,cT2_Sedan_Audi,2
1128,21,cT1_Sedan_Audi_not_cT2_SUV_Audi,cT1_Sedan_Audi,cT2_SUV_Audi,0
1129,21,cT1_Sedan_Audi__cT2_SUV_Audi,cT1_Sedan_Audi,cT2_SUV_Audi,1
1130,21,not_cT1_Sedan_Audi__cT2_SUV_Audi,cT1_Sedan_Audi,cT2_SUV_Audi,2
1131,21,cT1_Sedan_Audi_not_cT2_Audi,cT1_Sedan_Audi,cT2_Audi,0
1132,21,cT1_Sedan_Audi__cT2_Audi,cT1_Sedan_Audi,cT2_Audi,1
1133,21,not_cT1_Sedan_Audi__cT2_Audi,cT1_Sedan_Audi,cT2_Audi,2
1134,22,cT1_Wagon_not_cT2_SUV_BMW,cT1_Wagon,cT2_SUV_BMW,0
1135,22,cT1_Wagon__cT2_SUV_BMW,cT1_Wagon,cT2_SUV_BMW,1
1136,22,not_cT1_Wagon__cT2_SUV_BMW,cT1_Wagon,cT2_SUV_BMW,2
1137,22,cT1_Wagon_not_cT2_BMW,cT1_Wagon,cT2_BMW,0
1138,22,cT1_Wagon__cT2_BMW,cT1_Wagon,cT2_BMW,1
1139,22,not_cT1_Wagon__cT2_BMW,cT1_Wagon,cT2_BMW,2
1140,22,cT1_Wagon_not_cT2_Audi,cT1_Wagon,cT2_Audi,0
1141,22,cT1_Wagon__cT2_Audi,cT1_Wagon,cT2_Audi,1
1142,22,not_cT1_Wagon__cT2_Audi,cT1_Wagon,cT2_Audi,2
1143,22,cT1_SUV_not_cT2_SUV_BMW,cT1_SUV,cT2_SUV_BMW,0
1144,22,cT1_SUV__cT2_SUV_BMW,cT1_SUV,cT2_SUV_BMW,1
1145,22,not_cT1_SUV__cT2_SUV_BMW,cT1_SUV,cT2_SUV_BMW,2
1146,22,cT1_SUV_not_cT2_BMW,cT1_SUV,cT2_BMW,0
1147,22,cT1_SUV__cT2_BMW,cT1_SUV,cT2_BMW,1
1148,22,not_cT1_SUV__cT2_BMW,cT1_SUV,cT2_BMW,2
1149,22,cT1_SUV_not_cT2_Sedan_Audi,cT1_SUV,cT2_Sedan_Audi,0
1150,22,cT1_SUV__cT2_Sedan_Audi,cT1_SUV,cT2_Sedan_Audi,1
1151,22,not_cT1_SUV__cT2_Sedan_Audi,cT1_SUV,cT2_Sedan_Audi,2
1152,22,cT1_SUV_not_cT2_SUV_Audi,cT1_SUV,cT2_SUV_Audi,0
1153,22,cT1_SUV__cT2_SUV_Audi,cT1_SUV,cT2_SUV_Audi,1
1154,22,not_cT1_SUV__cT2_SUV_Audi,cT1_SUV,cT2_SUV_Audi,2
1155,22,cT1_SUV_not_cT2_Audi,cT1_SUV,cT2_Audi,0
1156,22,cT1_SUV__cT2_Audi,cT1_SUV,cT2_Audi,1
1157,22,not_cT1_SUV__cT2_Audi,cT1_SUV,cT2_Audi,2
1158,22,cT1_Sedan_not_cT2_SUV_BMW,cT1_Sedan,cT2_SUV_BMW,0
1159,22,cT1_Sedan__cT2_SUV_BMW,cT1_Sedan,cT2_SUV_BMW,1
1160,22,not_cT1_Sedan__cT2_SUV_BMW,cT1_Sedan,cT2_SUV_BMW,2
1161,22,cT1_Sedan_not_cT2_BMW,cT1_Sedan,cT2_BMW,0
1162,22,cT1_Sedan__cT2_BMW,cT1_Sedan,cT2_BMW,1
1163,22,not_cT1_Sedan__cT2_BMW,cT1_Sedan,cT2_BMW,2
1164,22,cT1_Sedan_not_cT2_Sedan_Audi,cT1_Sedan,cT2_Sedan_Audi,0
1165,22,cT1_Sedan__cT2_Sedan_Audi,cT1_Sedan,cT2_Sedan_Audi,1
1166,22,not_cT1_Sedan__cT2_Sedan_Audi,cT1_Sedan,cT2_Sedan_Audi,2
1167,22,cT1_Sedan_not_cT2_SUV_Audi,cT1_Sedan,cT2_SUV_Audi,0
1168,22,cT1_Sedan__cT2_SUV_Audi,cT1_Sedan,cT2_SUV_Audi,1
1169,22,not_cT1_Sedan__cT2_SUV_Audi,cT1_Sedan,cT2_SUV_Audi,2
1170,22,cT1_Sedan_not_cT2_Audi,cT1_Sedan,cT2_Audi,0
1171,22,cT1_Sedan__cT2_Audi,cT1_Sedan,cT2_Audi,1
1172,22,not_cT1_Sedan__cT2_Audi,cT1_Sedan,cT2_Audi,2
1173,22,cT1_Sedan_Audi_not_cT2_SUV_BMW,cT1_Sedan_Audi,cT2_SUV_BMW,0
1174,22,cT1_Sedan_Audi__cT2_SUV_BMW,cT1_Sedan_Audi,cT2_SUV_BMW,1
1175,22,not_cT1_Sedan_Audi__cT2_SUV_BMW,cT1_Sedan_Audi,cT2_SUV_BMW,2
1176,22,cT1_Sedan_Audi_not_cT2_BMW,cT1_Sedan_Audi,cT2_BMW,0
1177,22,cT1_Sedan_Audi__cT2_BMW,cT1_Sedan_Audi,cT2_BMW,1
1178,22,not_cT1_Sedan_Audi__cT2_BMW,cT1_Sedan_Audi,cT2_BMW,2
1179,22,cT1_Sedan_Audi_not_cT2_Sedan_Audi,cT1_Sedan_Audi,cT2_Sedan_Audi,0
1180,22,cT1_Sedan_Audi__cT2_Sedan_Audi,cT1_Sedan_Audi,cT2_Sedan_Audi,1
1181,22,not_cT1_Sedan_Audi__cT2_Sedan_Audi,cT1_Sedan_Audi,cT2_Sedan_Audi,2
1182,22,cT1_Sedan_Audi_not_cT2_SUV_Audi,cT1_Sedan_Audi,cT2_SUV_Audi,0
1183,22,cT1_Sedan_Audi__cT2_SUV_Audi,cT1_Sedan_Audi,cT2_SUV_Audi,1
1184,22,not_cT1_Sedan_Audi__cT2_SUV_Audi,cT1_Sedan_Audi,cT2_SUV_Audi,2
1185,22,cT1_Sedan_Audi_not_cT2_Audi,cT1_Sedan_Audi,cT2_Audi,0
1186,22,cT1_Sedan_Audi__cT2_Audi,cT1_Sedan_Audi,cT2_Audi,1
1187,22,not_cT1_Sedan_Audi__cT2_Audi,cT1_Sedan_Audi,cT2_Audi,2
1188,23,cT1_Wagon_not_cT2_SUV_BMW,cT1_Wagon,cT2_SUV_BMW,0
1189,23,cT1_Wagon__cT2_SUV_BMW,cT1_Wagon,cT2_SUV_BMW,1
1190,23,not_cT1_Wagon__cT2_SUV_BMW,cT1_Wagon,cT2_SUV_BMW,2
1191,23,cT1_Wagon_not_cT2_BMW,cT1_Wagon,cT2_BMW,0
1192,23,cT1_Wagon__cT2_BMW,cT1_Wagon,cT2_BMW,1
1193,23,not_cT1_Wagon__cT2_BMW,cT1_Wagon,cT2_BMW,2
1194,23,cT1_Wagon_not_cT2_Audi,cT1_Wagon,cT2_Audi,0
1195,23,cT1_Wagon__cT2_Audi,cT1_Wagon,cT2_Audi,1
1196,23,not_cT1_Wagon__cT2_Audi,cT1_Wagon,cT2_Audi,2
1197,23,cT1_SUV_not_cT2_SUV_BMW,cT1_SUV,cT2_SUV_BMW,0
1198,23,cT1_SUV__cT2_SUV_BMW,cT1_SUV,cT2_SUV_BMW,1
1199,23,not_cT1_SUV__cT2_SUV_BMW,cT1_SUV,cT2_SUV_BMW,2
1200,23,cT1_SUV_not_cT2_BMW,cT1_SUV,cT2_BMW,0
1201,23,cT1_SUV__cT2_BMW,cT1_SUV,cT2_BMW,1
1202,23,not_cT1_SUV__cT2_BMW,cT1_SUV,cT2_BMW,2
1203,23,cT1_SUV_not_cT2_Sedan_Audi,cT1_SUV,cT2_Sedan_Audi,0
1204,23,cT1_SUV__cT2_Sedan_Audi,cT1_SUV,cT2_Sedan_Audi,1
1205,23,not_cT1_SUV__cT2_Sedan_Audi,cT1_SUV,cT2_Sedan_Audi,2
1206,23,cT1_SUV_not_cT2_SUV_Audi,cT1_SUV,cT2_SUV_Audi,0
1207,23,cT1_SUV__cT2_SUV_Audi,cT1_SUV,cT2_SUV_Audi,1
1208,23,not_cT1_SUV__cT2_SUV_Audi,cT1_SUV,cT2_SUV_Audi,2
1209,23,cT1_SUV_not_cT2_Audi,cT1_SUV,cT2_Audi,0
1210,23,cT1_SUV__cT2_Audi,cT1_SUV,cT2_Audi,1
1211,23,not_cT1_SUV__cT2_Audi,cT1_SUV,cT2_Audi,2
1212,23,cT1_Sedan_not_cT2_SUV_BMW,cT1_Sedan,cT2_SUV_BMW,0
1213,23,cT1_Sedan__cT2_SUV_BMW,cT1_Sedan,cT2_SUV_BMW,1
1214,23,not_cT1_Sedan__cT2_SUV_BMW,cT1_Sedan,cT2_SUV_BMW,2
1215,23,cT1_Sedan_not_cT2_BMW,cT1_Sedan,cT2_BMW,0
1216,23,cT1_Sedan__cT2_BMW,cT1_Sedan,cT2_BMW,1
1217,23,not_cT1_Sedan__cT2_BMW,cT1_Sedan,cT2_BMW,2
1218,23,cT1_Sedan_not_cT2_Sedan_Audi,cT1_Sedan,cT2_Sedan_Audi,0
1219,23,cT1_Sedan__cT2_Sedan_Audi,cT1_Sedan,cT2_Sedan_Audi,1
1220,23,not_cT1_Sedan__cT2_Sedan_Audi,cT1_Sedan,cT2_Sedan_Audi,2
1221,23,cT1_Sedan_not_cT2_SUV_Audi,cT1_Sedan,cT2_SUV_Audi,0
1222,23,cT1_Sedan__cT2_SUV_Audi,cT1_Sedan,cT2_SUV_Audi,1
1223,23,not_cT1_Sedan__cT2_SUV_Audi,cT1_Sedan,cT2_SUV_Audi,2
1224,23,cT1_Sedan_not_cT2_Audi,cT1_Sedan,cT2_Audi,0
1225,23,cT1_Sedan__cT2_Audi,cT1_Sedan,cT2_Audi,1
1226,23,not_cT1_Sedan__cT2_Audi,cT1_Sedan,cT2_Audi,2
1227,23,cT1_Sedan_Audi_not_cT2_SUV_BMW,cT1_Sedan_Audi,cT2_SUV_BMW,0
1228,23,cT1_Sedan_Audi__cT2_SUV_BMW,cT1_Sedan_Audi,cT2_SUV_BMW,1
1229,23,not_cT1_Sedan_Audi__cT2_SUV_BMW,cT1_Sedan_Audi,cT2_SUV_BMW,2
1230,23,cT1_Sedan_Audi_not_cT2_BMW,cT1_Sedan_Audi,cT2_BMW,0
1231,23,cT1_Sedan_Audi__cT2_BMW,cT1_Sedan_Audi,cT2_BMW,1
1232,23,not_cT1_Sedan_Audi__cT2_BMW,cT1_Sedan_Audi,cT2_BMW,2
1233,23,cT1_Sedan_Audi_not_cT2_Sedan_Audi,cT1_Sedan_Audi,cT2_Sedan_Audi,0
1234,23,cT1_Sedan_Audi__cT2_Sedan_Audi,cT1_Sedan_Audi,cT2_Sedan_Audi,1
1235,23,not_cT1_Sedan_Audi__cT2_Sedan_Audi,cT1_Sedan_Audi,cT2_Sedan_Audi,2
1236,23,cT1_Sedan_Audi_not_cT2_SUV_Audi,cT1_Sedan_Audi,cT2_SUV_Audi,0
1237,23,cT1_Sedan_Audi__cT2_SUV_Audi,cT1_Sedan_Audi,cT2_SUV_Audi,1
1238,23,not_cT1_Sedan_Audi__cT2_SUV_Audi,cT1_Sedan_Audi,cT2_SUV_Audi,2
1239,23,cT1_Sedan_Audi_not_cT2_Audi,cT1_Sedan_Audi,cT2_Audi,0
1240,23,cT1_Sedan_Audi__cT2_Audi,cT1_Sedan_Audi,cT2_Audi,1
1241,23,not_cT1_Sedan_Audi__cT2_Audi,cT1_Sedan_Audi,cT2_Audi,2
1242,24,cT1_Wagon_not_cT2_SUV_BMW,cT1_Wagon,cT2_SUV_BMW,0
1243,24,cT1_Wagon__cT2_SUV_BMW,cT1_Wagon,cT2_SUV_BMW,1
1244,24,not_cT1_Wagon__cT2_SUV_BMW,cT1_Wagon,cT2_SUV_BMW,2
1245,24,cT1_Wagon_not_cT2_BMW,cT1_Wagon,cT2_BMW,0
1246,24,cT1_Wagon__cT2_BMW,cT1_Wagon,cT2_BMW,1
1247,24,not_cT1_Wagon__cT2_BMW,cT1_Wagon,cT2_BMW,2
1248,24,cT1_Wagon_not_cT2_Audi,cT1_Wagon,cT2_Audi,0
1249,24,cT1_Wagon__cT2_Audi,cT1_Wagon,cT2_Audi,1
1250,24,not_cT1_Wagon__cT2_Audi,cT1_Wagon,cT2_Audi,2
1251,24,cT1_SUV_not_cT2_SUV_BMW,cT1_SUV,cT2_SUV_BMW,0
1252,24,cT1_SUV__cT2_SUV_BMW,cT1_SUV,cT2_SUV_BMW,1
1253,24,not_cT1_SUV__cT2_SUV_BMW,cT1_SUV,cT2_SUV_BMW,2
1254,24,cT1_SUV_not_cT2_BMW,cT1_SUV,cT2_BMW,0
1255,24,cT1_SUV__cT2_BMW,cT1_SUV,cT2_BMW,1
1256,24,not_cT1_SUV__cT2_BMW,cT1_SUV,cT2_BMW,2
1257,24,cT1_SUV_not_cT2_Sedan_Audi,cT1_SUV,cT2_Sedan_Audi,0
1258,24,cT1_SUV__cT2_Sedan_Audi,cT1_SUV,cT2_Sedan_Audi,1
1259,24,not_cT1_SUV__cT2_Sedan_Audi,cT1_SUV,cT2_Sedan_Audi,2
1260,24,cT1_SUV_not_cT2_SUV_Audi,cT1_SUV,cT2_SUV_Audi,0
1261,24,cT1_SUV__cT2_SUV_Audi,cT1_SUV,cT2_SUV_Audi,1
1262,24,not_cT1_SUV__cT2_SUV_Audi,cT1_SUV,cT2_SUV_Audi,2
1263,24,cT1_SUV_not_cT2_Audi,cT1_SUV,cT2_Audi,0
1264,24,cT1_SUV__cT2_Audi,cT1_SUV,cT2_Audi,1
1265,24,not_cT1_SUV__cT2_Audi,cT1_SUV,cT2_Audi,2
1266,24,cT1_Sedan_not_cT2_SUV_BMW,cT1_Sedan,cT2_SUV_BMW,0
1267,24,cT1_Sedan__cT2_SUV_BMW,cT1_Sedan,cT2_SUV_BMW,1
1268,24,not_cT1_Sedan__cT2_SUV_BMW,cT1_Sedan,cT2_SUV_BMW,2
1269,24,cT1_Sedan_not_cT2_BMW,cT1_Sedan,cT2_BMW,0
1270,24,cT1_Sedan__cT2_BMW,cT1_Sedan,cT2_BMW,1
1271,24,not_cT1_Sedan__cT2_BMW,cT1_Sedan,cT2_BMW,2
1272,24,cT1_Sedan_not_cT2_Sedan_Audi,cT1_Sedan,cT2_Sedan_Audi,0
1273,24,cT1_Sedan__cT2_Sedan_Audi,cT1_Sedan,cT2_Sedan_Audi,1
1274,24,not_cT1_Sedan__cT2_Sedan_Audi,cT1_Sedan,cT2_Sedan_Audi,2
1275,24,cT1_Sedan_not_cT2_SUV_Audi,cT1_Sedan,cT2_SUV_Audi,0
1276,24,cT1_Sedan__cT2_SUV_Audi,cT1_Sedan,cT2_SUV_Audi,1
1277,24,not_cT1_Sedan__cT2_SUV_Audi,cT1_Sedan,cT2_SUV_Audi,2
1278,24,cT1_Sedan_not_cT2_Audi,cT1_Sedan,cT2_Audi,0
1279,24,cT1_Sedan__cT2_Audi,cT1_Sedan,cT2_Audi,1
1280,24,not_cT1_Sedan__cT2_Audi,cT1_Sedan,cT2_Audi,2
1281,24,cT1_Sedan_Audi_not_cT2_SUV_BMW,cT1_Sedan_Audi,cT2_SUV_BMW,0
1282,24,cT1_Sedan_Audi__cT2_SUV_BMW,cT1_Sedan_Audi,cT2_SUV_BMW,1
1283,24,not_cT1_Sedan_Audi__cT2_SUV_BMW,cT1_Sedan_Audi,cT2_SUV_BMW,2
1284,24,cT1_Sedan_Audi_not_cT2_BMW,cT1_Sedan_Audi,cT2_BMW,0
1285,24,cT1_Sedan_Audi__cT2_BMW,cT1_Sedan_Audi,cT2_BMW,1
1286,24,not_cT1_Sedan_Audi__cT2_BMW,cT1_Sedan_Audi,cT2_BMW,2
1287,24,cT1_Sedan_Audi_not_cT2_Sedan_Audi,cT1_Sedan_Audi,cT2_Sedan_Audi,0
1288,24,cT1_Sedan_Audi__cT2_Sedan_Audi,cT1_Sedan_Audi,cT2_Sedan_Audi,1
1289,24,not_cT1_Sedan_Audi__cT2_Sedan_Audi,cT1_Sedan_Audi,cT2_Sedan_Audi,2
1290,24,cT1_Sedan_Audi_not_cT2_SUV_Audi,cT1_Sedan_Audi,cT2_SUV_Audi,0
1291,24,cT1_Sedan_Audi__cT2_SUV_Audi,cT1_Sedan_Audi,cT2_SUV_Audi,1
1292,24,not_cT1_Sedan_Audi__cT2_SUV_Audi,cT1_Sedan_Audi,cT2_SUV_Audi,2
1293,24,cT1_Sedan_Audi_not_cT2_Audi,cT1_Sedan_Audi,cT2_Audi,0
1294,24,cT1_Sedan_Audi__cT2_Audi,cT1_Sedan_Audi,cT2_Audi,1
1295,24,not_cT1_Sedan_Audi__cT2_Audi,cT1_Sedan_Audi,cT2_Audi,2
1296,25,cT1_Wagon_not_cT2_SUV_BMW,cT1_Wagon,cT2_SUV_BMW,0
1297,25,cT1_Wagon__cT2_SUV_BMW,cT1_Wagon,cT2_SUV_BMW,1
1298,25,not_cT1_Wagon__cT2_SUV_BMW,cT1_Wagon,cT2_SUV_BMW,2
1299,25,cT1_Wagon_not_cT2_BMW,cT1_Wagon,cT2_BMW,0
1300,25,cT1_Wagon__cT2_BMW,cT1_Wagon,cT2_BMW,1
1301,25,not_cT1_Wagon__cT2_BMW,cT1_Wagon,cT2_BMW,2
1302,25,cT1_Wagon_not_cT2_Audi,cT1_Wagon,cT2_Audi,0
1303,25,cT1_Wagon__cT2_Audi,cT1_Wagon,cT2_Audi,1
1304,25,not_cT1_Wagon__cT2_Audi,cT1_Wagon,cT2_Audi,2
1305,25,cT1_SUV_not_cT2_SUV_BMW,cT1_SUV,cT2_SUV_BMW,0
1306,25,cT1_SUV__cT2_SUV_BMW,cT1_SUV,cT2_SUV_BMW,1
1307,25,not_cT1_SUV__cT2_SUV_BMW,cT1_SUV,cT2_SUV_BMW,2
1308,25,cT1_SUV_not_cT2_BMW,cT1_SUV,cT2_BMW,0
1309,25,cT1_SUV__cT2_BMW,cT1_SUV,cT2_BMW,1
1310,25,not_cT1_SUV__cT2_BMW,cT1_SUV,cT2_BMW,2
1311,25,cT1_SUV_not_cT2_Sedan_Audi,cT1_SUV,cT2_Sedan_Audi,0
1312,25,cT1_SUV__cT2_Sedan_Audi,cT1_SUV,cT2_Sedan_Audi,1
1313,25,not_cT1_SUV__cT2_Sedan_Audi,cT1_SUV,cT2_Sedan_Audi,2
1314,25,cT1_SUV_not_cT2_SUV_Audi,cT1_SUV,cT2_SUV_Audi,0
1315,25,cT1_SUV__cT2_SUV_Audi,cT1_SUV,cT2_SUV_Audi,1
1316,25,not_cT1_SUV__cT2_SUV_Audi,cT1_SUV,cT2_SUV_Audi,2
1317,25,cT1_SUV_not_cT2_Audi,cT1_SUV,cT2_Audi,0
1318,25,cT1_SUV__cT2_Audi,cT1_SUV,cT2_Audi,1
1319,25,not_cT1_SUV__cT2_Audi,cT1_SUV,cT2_Audi,2
1320,25,cT1_Sedan_not_cT2_SUV_BMW,cT1_Sedan,cT2_SUV_BMW,0
1321,25,cT1_Sedan__cT2_SUV_BMW,cT1_Sedan,cT2_SUV_BMW,1
1322,25,not_cT1_Sedan__cT2_SUV_BMW,cT1_Sedan,cT2_SUV_BMW,2
1323,25,cT1_Sedan_not_cT2_BMW,cT1_Sedan,cT2_BMW,0
1324,25,cT1_Sedan__cT2_BMW,cT1_Sedan,cT2_BMW,1
1325,25,not_cT1_Sedan__cT2_BMW,cT1_Sedan,cT2_BMW,2
1326,25,cT1_Sedan_not_cT2_Sedan_Audi,cT1_Sedan,cT2_Sedan_Audi,0
1327,25,cT1_Sedan__cT2_Sedan_Audi,cT1_Sedan,cT2_Sedan_Audi,1
1328,25,not_cT1_Sedan__cT2_Sedan_Audi,cT1_Sedan,cT2_Sedan_Audi,2
1329,25,cT1_Sedan_not_cT2_SUV_Audi,cT1_Sedan,cT2_SUV_Audi,0
1330,25,cT1_Sedan__cT2_SUV_Audi,cT1_Sedan,cT2_SUV_Audi,1
1331,25,not_cT1_Sedan__cT2_SUV_Audi,cT1_Sedan,cT2_SUV_Audi,2
1332,25,cT1_Sedan_not_cT2_Audi,cT1_Sedan,cT2_Audi,0
1333,25,cT1_Sedan__cT2_Audi,cT1_Sedan,cT2_Audi,1
1334,25,not_cT1_Sedan__cT2_Audi,cT1_Sedan,cT2_Audi,2
1335,25,cT1_Sedan_Audi_not_cT2_SUV_BMW,cT1_Sedan_Audi,cT2_SUV_BMW,0
1336,25,cT1_Sedan_Audi__cT2_SUV_BMW,cT1_Sedan_Audi,cT2_SUV_BMW,1
1337,25,not_cT1_Sedan_Audi__cT2_SUV_BMW,cT1_Sedan_Audi,cT2_SUV_BMW,2
1338,25,cT1_Sedan_Audi_not_cT2_BMW,cT1_Sedan_Audi,cT2_BMW,0
1339,25,cT1_Sedan_Audi__cT2_BMW,cT1_Sedan_Audi,cT2_BMW,1
1340,25,not_cT1_Sedan_Audi__cT2_BMW,cT1_Sedan_Audi,cT2_BMW,2
1341,25,cT1_Sedan_Audi_not_cT2_Sedan_Audi,cT1_Sedan_Audi,cT2_Sedan_Audi,0
1342,25,cT1_Sedan_Audi__cT2_Sedan_Audi,cT1_Sedan_Audi,cT2_Sedan_Audi,1
1343,25,not_cT1_Sedan_Audi__cT2_Sedan_Audi,cT1_Sedan_Audi,cT2_Sedan_Audi,2
1344,25,cT1_Sedan_Audi_not_cT2_SUV_Audi,cT1_Sedan_Audi,cT2_SUV_Audi,0
1345,25,cT1_Sedan_Audi__cT2_SUV_Audi,cT1_Sedan_Audi,cT2_SUV_Audi,1
1346,25,not_cT1_Sedan_Audi__cT2_SUV_Audi,cT1_Sedan_Audi,cT2_SUV_Audi,2
1347,25,cT1_Sedan_Audi_not_cT2_Audi,cT1_Sedan_Audi,cT2_Audi,0
1348,25,cT1_Sedan_Audi__cT2_Audi,cT1_Sedan_Audi,cT2_Audi,1
1349,25,not_cT1_Sedan_Audi__cT2_Audi,cT1_Sedan_Audi,cT2_Audi,2
1350,26,cT1_Wagon_not_cT2_SUV_BMW,cT1_Wagon,cT2_SUV_BMW,0
1351,26,cT1_Wagon__cT2_SUV_BMW,cT1_Wagon,cT2_SUV_BMW,1
1352,26,not_cT1_Wagon__cT2_SUV_BMW,cT1_Wagon,cT2_SUV_BMW,2
1353,26,cT1_Wagon_not_cT2_BMW,cT1_Wagon,cT2_BMW,0
1354,26,cT1_Wagon__cT2_BMW,cT1_Wagon,cT2_BMW,1
1355,26,not_cT1_Wagon__cT2_BMW,cT1_Wagon,cT2_BMW,2
1356,26,cT1_Wagon_not_cT2_Audi,cT1_Wagon,cT2_Audi,0
1357,26,cT1_Wagon__cT2_Audi,cT1_Wagon,cT2_Audi,1
1358,26,not_cT1_Wagon__cT2_Audi,cT1_Wagon,cT2_Audi,2
1359,26,cT1_SUV_not_cT2_SUV_BMW,cT1_SUV,cT2_SUV_BMW,0
1360,26,cT1_SUV__cT2_SUV_BMW,cT1_SUV,cT2_SUV_BMW,1
1361,26,not_cT1_SUV__cT2_SUV_BMW,cT1_SUV,cT2_SUV_BMW,2
1362,26,cT1_SUV_not_cT2_BMW,cT1_SUV,cT2_BMW,0
1363,26,cT1_SUV__cT2_BMW,cT1_SUV,cT2_BMW,1
1364,26,not_cT1_SUV__cT2_BMW,cT1_SUV,cT2_BMW,2
1365,26,cT1_SUV_not_cT2_Sedan_Audi,cT1_SUV,cT2_Sedan_Audi,0
1366,26,cT1_SUV__cT2_Sedan_Audi,cT1_SUV,cT2_Sedan_Audi,1
1367,26,not_cT1_SUV__cT2_Sedan_Audi,cT1_SUV,cT2_Sedan_Audi,2
1368,26,cT1_SUV_not_cT2_SUV_Audi,cT1_SUV,cT2_SUV_Audi,0
1369,26,cT1_SUV__cT2_SUV_Audi,cT1_SUV,cT2_SUV_Audi,1
1370,26,not_cT1_SUV__cT2_SUV_Audi,cT1_SUV,cT2_SUV_Audi,2
1371,26,cT1_SUV_not_cT2_Audi,cT1_SUV,cT2_Audi,0
1372,26,cT1_SUV__cT2_Audi,cT1_SUV,cT2_Audi,1
1373,26,not_cT1_SUV__cT2_Audi,cT1_SUV,cT2_Audi,2
1374,26,cT1_Sedan_not_cT2_SUV_BMW,cT1_Sedan,cT2_SUV_BMW,0
1375,26,cT1_Sedan__cT2_SUV_BMW,cT1_Sedan,cT2_SUV_BMW,1
1376,26,not_cT1_Sedan__cT2_SUV_BMW,cT1_Sedan,cT2_SUV_BMW,2
1377,26,cT1_Sedan_not_cT2_BMW,cT1_Sedan,cT2_BMW,0
1378,26,cT1_Sedan__cT2_BMW,cT1_Sedan,cT2_BMW,1
1379,26,not_cT1_Sedan__cT2_BMW,cT1_Sedan,cT2_BMW,2
1380,26,cT1_Sedan_not_cT2_Sedan_Audi,cT1_Sedan,cT2_Sedan_Audi,0
1381,26,cT1_Sedan__cT2_Sedan_Audi,cT1_Sedan,cT2_Sedan_Audi,1
1382,26,not_cT1_Sedan__cT2_Sedan_Audi,cT1_Sedan,cT2_Sedan_Audi,2
1383,26,cT1_Sedan_not_cT2_SUV_Audi,cT1_Sedan,cT2_SUV_Audi,0
1384,26,cT1_Sedan__cT2_SUV_Audi,cT1_Sedan,cT2_SUV_Audi,1
1385,26,not_cT1_Sedan__cT2_SUV_Audi,cT1_Sedan,cT2_SUV_Audi,2
1386,26,cT1_Sedan_not_cT2_Audi,cT1_Sedan,cT2_Audi,0
1387,26,cT1_Sedan__cT2_Audi,cT1_Sedan,cT2_Audi,1
1388,26,not_cT1_Sedan__cT2_Audi,cT1_Sedan,cT2_Audi,2
1389,26,cT1_Sedan_Audi_not_cT2_SUV_BMW,cT1_Sedan_Audi,cT2_SUV_BMW,0
1390,26,cT1_Sedan_Audi__cT2_SUV_BMW,cT1_Sedan_Audi,cT2_SUV_BMW,1
1391,26,not_cT1_Sedan_Audi__cT2_SUV_BMW,cT1_Sedan_Audi,cT2_SUV_BMW,2
1392,26,cT1_Sedan_Audi_not_cT2_BMW,cT1_Sedan_Audi,cT2_BMW,0
1393,26,cT1_Sedan_Audi__cT2_BMW,cT1_Sedan_Audi,cT2_BMW,1
1394,26,not_cT1_Sedan_Audi__cT2_BMW,cT1_Sedan_Audi,cT2_BMW,2
1395,26,cT1_Sedan_Audi_not_cT2_Sedan_Audi,cT1_Sedan_Audi,cT2_Sedan_Audi,0
1396,26,cT1_Sedan_Audi__cT2_Sedan_Audi,cT1_Sedan_Audi,cT2_Sedan_Audi,1
1397,26,not_cT1_Sedan_Audi__cT2_Sedan_Audi,cT1_Sedan_Audi,cT2_Sedan_Audi,2
1398,26,cT1_Sedan_Audi_not_cT2_SUV_Audi,cT1_Sedan_Audi,cT2_SUV_Audi,0
1399,26,cT1_Sedan_Audi__cT2_SUV_Audi,cT1_Sedan_Audi,cT2_SUV_Audi,1
1400,26,not_cT1_Sedan_Audi__cT2_SUV_Audi,cT1_Sedan_Audi,cT2_SUV_Audi,2
1401,26,cT1_Sedan_Audi_not_cT2_Audi,cT1_Sedan_Audi,cT2_Audi,0
1402,26,cT1_Sedan_Audi__cT2_Audi,cT1_Sedan_Audi,cT2_Audi,1
1403,26,not_cT1_Sedan_Audi__cT2_Audi,cT1_Sedan_Audi,cT2_Audi,2
1404,27,cT1_Wagon_not_cT2_SUV_BMW,cT1_Wagon,cT2_SUV_BMW,0
1405,27,cT1_Wagon__cT2_SUV_BMW,cT1_Wagon,cT2_SUV_BMW,1
1406,27,not_cT1_Wagon__cT2_SUV_BMW,cT1_Wagon,cT2_SUV_BMW,2
1407,27,cT1_Wagon_not_cT2_BMW,cT1_Wagon,cT2_BMW,0
1408,27,cT1_Wagon__cT2_BMW,cT1_Wagon,cT2_BMW,1
1409,27,not_cT1_Wagon__cT2_BMW,cT1_Wagon,cT2_BMW,2
1410,27,cT1_Wagon_not_cT2_Audi,cT1_Wagon,cT2_Audi,0
1411,27,cT1_Wagon__cT2_Audi,cT1_Wagon,cT2_Audi,1
1412,27,not_cT1_Wagon__cT2_Audi,cT1_Wagon,cT2_Audi,2
1413,27,cT1_SUV_not_cT2_SUV_BMW,cT1_SUV,cT2_SUV_BMW,0
1414,27,cT1_SUV__cT2_SUV_BMW,cT1_SUV,cT2_SUV_BMW,1
1415,27,not_cT1_SUV__cT2_SUV_BMW,cT1_SUV,cT2_SUV_BMW,2
1416,27,cT1_SUV_not_cT2_BMW,cT1_SUV,cT2_BMW,0
1417,27,cT1_SUV__cT2_BMW,cT1_SUV,cT2_BMW,1
1418,27,not_cT1_SUV__cT2_BMW,cT1_SUV,cT2_BMW,2
1419,27,cT1_SUV_not_cT2_Sedan_Audi,cT1_SUV,cT2_Sedan_Audi,0
1420,27,cT1_SUV__cT2_Sedan_Audi,cT1_SUV,cT2_Sedan_Audi,1
1421,27,not_cT1_SUV__cT2_Sedan_Audi,cT1_SUV,cT2_Sedan_Audi,2
1422,27,cT1_SUV_not_cT2_SUV_Audi,cT1_SUV,cT2_SUV_Audi,0
1423,27,cT1_SUV__cT2_SUV_Audi,cT1_SUV,cT2_SUV_Audi,1
1424,27,not_cT1_SUV__cT2_SUV_Audi,cT1_SUV,cT2_SUV_Audi,2
1425,27,cT1_SUV_not_cT2_Audi,cT1_SUV,cT2_Audi,0
1426,27,cT1_SUV__cT2_Audi,cT1_SUV,cT2_Audi,1
1427,27,not_cT1_SUV__cT2_Audi,cT1_SUV,cT2_Audi,2
1428,27,cT1_Sedan_not_cT2_SUV_BMW,cT1_Sedan,cT2_SUV_BMW,0
1429,27,cT1_Sedan__cT2_SUV_BMW,cT1_Sedan,cT2_SUV_BMW,1
1430,27,not_cT1_Sedan__cT2_SUV_BMW,cT1_Sedan,cT2_SUV_BMW,2
1431,27,cT1_Sedan_not_cT2_BMW,cT1_Sedan,cT2_BMW,0
1432,27,cT1_Sedan__cT2_BMW,cT1_Sedan,cT2_BMW,1
1433,27,not_cT1_Sedan__cT2_BMW,cT1_Sedan,cT2_BMW,2
1434,27,cT1_Sedan_not_cT2_Sedan_Audi,cT1_Sedan,cT2_Sedan_Audi,0
1435,27,cT1_Sedan__cT2_Sedan_Audi,cT1_Sedan,cT2_Sedan_Audi,1
1436,27,not_cT1_Sedan__cT2_Sedan_Audi,cT1_Sedan,cT2_Sedan_Audi,2
1437,27,cT1_Sedan_not_cT2_SUV_Audi,cT1_Sedan,cT2_SUV_Audi,0
1438,27,cT1_Sedan__cT2_SUV_Audi,cT1_Sedan,cT2_SUV_Audi,1
1439,27,not_cT1_Sedan__cT2_SUV_Audi,cT1_Sedan,cT2_SUV_Audi,2
1440,27,cT1_Sedan_not_cT2_Audi,cT1_Sedan,cT2_Audi,0
1441,27,cT1_Sedan__cT2_Audi,cT1_Sedan,cT2_Audi,1
1442,27,not_cT1_Sedan__cT2_Audi,cT1_Sedan,cT2_Audi,2
1443,27,cT1_Sedan_Audi_not_cT2_SUV_BMW,cT1_Sedan_Audi,cT2_SUV_BMW,0
1444,27,cT1_Sedan_Audi__cT2_SUV_BMW,cT1_Sedan_Audi,cT2_SUV_BMW,1
1445,27,not_cT1_Sedan_Audi__cT2_SUV_BMW,cT1_Sedan_Audi,cT2_SUV_BMW,2
1446,27,cT1_Sedan_Audi_not_cT2_BMW,cT1_Sedan_Audi,cT2_BMW,0
1447,27,cT1_Sedan_Audi__cT2_BMW,cT1_Sedan_Audi,cT2_BMW,1
1448,27,not_cT1_Sedan_Audi__cT2_BMW,cT1_Sedan_Audi,cT2_BMW,2
1449,27,cT1_Sedan_Audi_not_cT2_Sedan_Audi,cT1_Sedan_Audi,cT2_Sedan_Audi,0
1450,27,cT1_Sedan_Audi__cT2_Sedan_Audi,cT1_Sedan_Audi,cT2_Sedan_Audi,1
1451,27,not_cT1_Sedan_Audi__cT2_Sedan_Audi,cT1_Sedan_Audi,cT2_Sedan_Audi,2
1452,27,cT1_Sedan_Audi_not_cT2_SUV_Audi,cT1_Sedan_Audi,cT2_SUV_Audi,0
1453,27,cT1_Sedan_Audi__cT2_SUV_Audi,cT1_Sedan_Audi,cT2_SUV_Audi,1
1454,27,not_cT1_Sedan_Audi__cT2_SUV_Audi,cT1_Sedan_Audi,cT2_SUV_Audi,2
1455,27,cT1_Sedan_Audi_not_cT2_Audi,cT1_Sedan_Audi,cT2_Audi,0
1456,27,cT1_Sedan_Audi__cT2_Audi,cT1_Sedan_Audi,cT2_Audi,1
1457,27,not_cT1_Sedan_Audi__cT2_Audi,cT1_Sedan_Audi,cT2_Audi,2
1458,28,cT1_Wagon_not_cT2_SUV_BMW,cT1_Wagon,cT2_SUV_BMW,0
1459,28,cT1_Wagon__cT2_SUV_BMW,cT1_Wagon,cT2_SUV_BMW,1
1460,28,not_cT1_Wagon__cT2_SUV_BMW,cT1_Wagon,cT2_SUV_BMW,2
1461,28,cT1_Wagon_not_cT2_BMW,cT1_Wagon,cT2_BMW,0
1462,28,cT1_Wagon__cT2_BMW,cT1_Wagon,cT2_BMW,1
1463,28,not_cT1_Wagon__cT2_BMW,cT1_Wagon,cT2_BMW,2
1464,28,cT1_Wagon_not_cT2_Audi,cT1_Wagon,cT2_Audi,0
1465,28,cT1_Wagon__cT2_Audi,cT1_Wagon,cT2_Audi,1
1466,28,not_cT1_Wagon__cT2_Audi,cT1_Wagon,cT2_Audi,2
1467,28,cT1_SUV_not_cT2_SUV_BMW,cT1_SUV,cT2_SUV_BMW,0
1468,28,cT1_SUV__cT2_SUV_BMW,cT1_SUV,cT2_SUV_BMW,1
1469,28,not_cT1_SUV__cT2_SUV_BMW,cT1_SUV,cT2_SUV_BMW,2
1470,28,cT1_SUV_not_cT2_BMW,cT1_SUV,cT2_BMW,0
1471,28,cT1_SUV__cT2_BMW,cT1_SUV,cT2_BMW,1
1472,28,not_cT1_SUV__cT2_BMW,cT1_SUV,cT2_BMW,2
1473,28,cT1_SUV_not_cT2_Sedan_Audi,cT1_SUV,cT2_Sedan_Audi,0
1474,28,cT1_SUV__cT2_Sedan_Audi,cT1_SUV,cT2_Sedan_Audi,1
1475,28,not_cT1_SUV__cT2_Sedan_Audi,cT1_SUV,cT2_Sedan_Audi,2
1476,28,cT1_SUV_not_cT2_SUV_Audi,cT1_SUV,cT2_SUV_Audi,0
1477,28,cT1_SUV__cT2_SUV_Audi,cT1_SUV,cT2_SUV_Audi,1
1478,28,not_cT1_SUV__cT2_SUV_Audi,cT1_SUV,cT2_SUV_Audi,2
1479,28,cT1_SUV_not_cT2_Audi,cT1_SUV,cT2_Audi,0
1480,28,cT1_SUV__cT2_Audi,cT1_SUV,cT2_Audi,1
1481,28,not_cT1_SUV__cT2_Audi,cT1_SUV,cT2_Audi,2
1482,28,cT1_Sedan_not_cT2_SUV_BMW,cT1_Sedan,cT2_SUV_BMW,0
1483,28,cT1_Sedan__cT2_SUV_BMW,cT1_Sedan,cT2_SUV_BMW,1
1484,28,not_cT1_Sedan__cT2_SUV_BMW,cT1_Sedan,cT2_SUV_BMW,2
1485,28,cT1_Sedan_not_cT2_BMW,cT1_Sedan,cT2_BMW,0
1486,28,cT1_Sedan__cT2_BMW,cT1_Sedan,cT2_BMW,1
1487,28,not_cT1_Sedan__cT2_BMW,cT1_Sedan,cT2_BMW,2
1488,28,cT1_Sedan_not_cT2_Sedan_Audi,cT1_Sedan,cT2_Sedan_Audi,0
1489,28,cT1_Sedan__cT2_Sedan_Audi,cT1_Sedan,cT2_Sedan_Audi,1
1490,28,not_cT1_Sedan__cT2_Sedan_Audi,cT1_Sedan,cT2_Sedan_Audi,2
1491,28,cT1_Sedan_not_cT2_SUV_Audi,cT1_Sedan,cT2_SUV_Audi,0
1492,28,cT1_Sedan__cT2_SUV_Audi,cT1_Sedan,cT2_SUV_Audi,1
1493,28,not_cT1_Sedan__cT2_SUV_Audi,cT1_Sedan,cT2_SUV_Audi,2
1494,28,cT1_Sedan_not_cT2_Audi,cT1_Sedan,cT2_Audi,0
1495,28,cT1_Sedan__cT2_Audi,cT1_Sedan,cT2_Audi,1
1496,28,not_cT1_Sedan__cT2_Audi,cT1_Sedan,cT2_Audi,2
1497,28,cT1_Sedan_Audi_not_cT2_SUV_BMW,cT1_Sedan_Audi,cT2_SUV_BMW,0
1498,28,cT1_Sedan_Audi__cT2_SUV_BMW,cT1_Sedan_Audi,cT2_SUV_BMW,1
1499,28,not_cT1_Sedan_Audi__cT2_SUV_BMW,cT1_Sedan_Audi,cT2_SUV_BMW,2
1500,28,cT1_Sedan_Audi_not_cT2_BMW,cT1_Sedan_Audi,cT2_BMW,0
1501,28,cT1_Sedan_Audi__cT2_BMW,cT1_Sedan_Audi,cT2_BMW,1
1502,28,not_cT1_Sedan_Audi__cT2_BMW,cT1_Sedan_Audi,cT2_BMW,2
1503,28,cT1_Sedan_Audi_not_cT2_Sedan_Audi,cT1_Sedan_Audi,cT2_Sedan_Audi,0
1504,28,cT1_Sedan_Audi__cT2_Sedan_Audi,cT1_Sedan_Audi,cT2_Sedan_Audi,1
1505,28,not_cT1_Sedan_Audi__cT2_Sedan_Audi,cT1_Sedan_Audi,cT2_Sedan_Audi,2
1506,28,cT1_Sedan_Audi_not_cT2_SUV_Audi,cT1_Sedan_Audi,cT2_SUV_Audi,0
1507,28,cT1_Sedan_Audi__cT2_SUV_Audi,cT1_Sedan_Audi,cT2_SUV_Audi,1
1508,28,not_cT1_Sedan_Audi__cT2_SUV_Audi,cT1_Sedan_Audi,cT2_SUV_Audi,2
1509,28,cT1_Sedan_Audi_not_cT2_Audi,cT1_Sedan_Audi,cT2_Audi,0
1510,28,cT1_Sedan_Audi__cT2_Audi,cT1_Sedan_Audi,cT2_Audi,1
1511,28,not_cT1_Sedan_Audi__cT2_Audi,cT1_Sedan_Audi,cT2_Audi,2
1512,29,cT1_Wagon_not_cT2_SUV_BMW,cT1_Wagon,cT2_SUV_BMW,0
1513,29,cT1_Wagon__cT2_SUV_BMW,cT1_Wagon,cT2_SUV_BMW,1
1514,29,not_cT1_Wagon__cT2_SUV_BMW,cT1_Wagon,cT2_SUV_BMW,2
1515,29,cT1_Wagon_not_cT2_BMW,cT1_Wagon,cT2_BMW,0
1516,29,cT1_Wagon__cT2_BMW,cT1_Wagon,cT2_BMW,1
1517,29,not_cT1_Wagon__cT2_BMW,cT1_Wagon,cT2_BMW,2
1518,29,cT1_Wagon_not_cT2_Audi,cT1_Wagon,cT2_Audi,0
1519,29,cT1_Wagon__cT2_Audi,cT1_Wagon,cT2_Audi,1
1520,29,not_cT1_Wagon__cT2_Audi,cT1_Wagon,cT2_Audi,2
1521,29,cT1_SUV_not_cT2_SUV_BMW,cT1_SUV,cT2_SUV_BMW,0
1522,29,cT1_SUV__cT2_SUV_BMW,cT1_SUV,cT2_SUV_BMW,1
1523,29,not_cT1_SUV__cT2_SUV_BMW,cT1_SUV,cT2_SUV_BMW,2
1524,29,cT1_SUV_not_cT2_BMW,cT1_SUV,cT2_BMW,0
1525,29,cT1_SUV__cT2_BMW,cT1_SUV,cT2_BMW,1
1526,29,not_cT1_SUV__cT2_BMW,cT1_SUV,cT2_BMW,2
1527,29,cT1_SUV_not_cT2_Sedan_Audi,cT1_SUV,cT2_Sedan_Audi,0
1528,29,cT1_SUV__cT2_Sedan_Audi,cT1_SUV,cT2_Sedan_Audi,1
1529,29,not_cT1_SUV__cT2_Sedan_Audi,cT1_SUV,cT2_Sedan_Audi,2
1530,29,cT1_SUV_not_cT2_SUV_Audi,cT1_SUV,cT2_SUV_Audi,0
1531,29,cT1_SUV__cT2_SUV_Audi,cT1_SUV,cT2_SUV_Audi,1
1532,29,not_cT1_SUV__cT2_SUV_Audi,cT1_SUV,cT2_SUV_Audi,2
1533,29,cT1_SUV_not_cT2_Audi,cT1_SUV,cT2_Audi,0
1534,29,cT1_SUV__cT2_Audi,cT1_SUV,cT2_Audi,1
1535,29,not_cT1_SUV__cT2_Audi,cT1_SUV,cT2_Audi,2
1536,29,cT1_Sedan_not_cT2_SUV_BMW,cT1_Sedan,cT2_SUV_BMW,0
1537,29,cT1_Sedan__cT2_SUV_BMW,cT1_Sedan,cT2_SUV_BMW,1
1538,29,not_cT1_Sedan__cT2_SUV_BMW,cT1_Sedan,cT2_SUV_BMW,2
1539,29,cT1_Sedan_not_cT2_BMW,cT1_Sedan,cT2_BMW,0
1540,29,cT1_Sedan__cT2_BMW,cT1_Sedan,cT2_BMW,1
1541,29,not_cT1_Sedan__cT2_BMW,cT1_Sedan,cT2_BMW,2
1542,29,cT1_Sedan_not_cT2_Sedan_Audi,cT1_Sedan,cT2_Sedan_Audi,0
1543,29,cT1_Sedan__cT2_Sedan_Audi,cT1_Sedan,cT2_Sedan_Audi,1
1544,29,not_cT1_Sedan__cT2_Sedan_Audi,cT1_Sedan,cT2_Sedan_Audi,2
1545,29,cT1_Sedan_not_cT2_SUV_Audi,cT1_Sedan,cT2_SUV_Audi,0
1546,29,cT1_Sedan__cT2_SUV_Audi,cT1_Sedan,cT2_SUV_Audi,1
1547,29,not_cT1_Sedan__cT2_SUV_Audi,cT1_Sedan,cT2_SUV_Audi,2
1548,29,cT1_Sedan_not_cT2_Audi,cT1_Sedan,cT2_Audi,0
1549,29,cT1_Sedan__cT2_Audi,cT1_Sedan,cT2_Audi,1
1550,29,not_cT1_Sedan__cT2_Audi,cT1_Sedan,cT2_Audi,2
1551,29,cT1_Sedan_Audi_not_cT2_SUV_BMW,cT1_Sedan_Audi,cT2_SUV_BMW,0
1552,29,cT1_Sedan_Audi__cT2_SUV_BMW,cT1_Sedan_Audi,cT2_SUV_BMW,1
1553,29,not_cT1_Sedan_Audi__cT2_SUV_BMW,cT1_Sedan_Audi,cT2_SUV_BMW,2
1554,29,cT1_Sedan_Audi_not_cT2_BMW,cT1_Sedan_Audi,cT2_BMW,0
1555,29,cT1_Sedan_Audi__cT2_BMW,cT1_Sedan_Audi,cT2_BMW,1
1556,29,not_cT1_Sedan_Audi__cT2_BMW,cT1_Sedan_Audi,cT2_BMW,2
1557,29,cT1_Sedan_Audi_not_cT2_Sedan_Audi,cT1_Sedan_Audi,cT2_Sedan_Audi,0
1558,29,cT1_Sedan_Audi__cT2_Sedan_Audi,cT1_Sedan_Audi,cT2_Sedan_Audi,1
1559,29,not_cT1_Sedan_Audi__cT2_Sedan_Audi,cT1_Sedan_Audi,cT2_Sedan_Audi,2
1560,29,cT1_Sedan_Audi_not_cT2_SUV_Audi,cT1_Sedan_Audi,cT2_SUV_Audi,0
1561,29,cT1_Sedan_Audi__cT2_SUV_Audi,cT1_Sedan_Audi,cT2_SUV_Audi,1
1562,29,not_cT1_Sedan_Audi__cT2_SUV_Audi,cT1_Sedan_Audi,cT2_SUV_Audi,2
1563,29,cT1_Sedan_Audi_not_cT2_Audi,cT1_Sedan_Audi,cT2_Audi,0
1564,29,cT1_Sedan_Audi__cT2_Audi,cT1_Sedan_Audi,cT2_Audi,1
1565,29,not_cT1_Sedan_Audi__cT2_Audi,cT1_Sedan_Audi,cT2_Audi,2
1566,30,cT1_Wagon_not_cT2_SUV_BMW,cT1_Wagon,cT2_SUV_BMW,0
1567,30,cT1_Wagon__cT2_SUV_BMW,cT1_Wagon,cT2_SUV_BMW,1
1568,30,not_cT1_Wagon__cT2_SUV_BMW,cT1_Wagon,cT2_SUV_BMW,2
1569,30,cT1_Wagon_not_cT2_BMW,cT1_Wagon,cT2_BMW,0
1570,30,cT1_Wagon__cT2_BMW,cT1_Wagon,cT2_BMW,1
1571,30,not_cT1_Wagon__cT2_BMW,cT1_Wagon,cT2_BMW,2
1572,30,cT1_Wagon_not_cT2_Audi,cT1_Wagon,cT2_Audi,0
1573,30,cT1_Wagon__cT2_Audi,cT1_Wagon,cT2_Audi,1
1574,30,not_cT1_Wagon__cT2_Audi,cT1_Wagon,cT2_Audi,2
1575,30,cT1_SUV_not_cT2_SUV_BMW,cT1_SUV,cT2_SUV_BMW,0
1576,30,cT1_SUV__cT2_SUV_BMW,cT1_SUV,cT2_SUV_BMW,1
1577,30,not_cT1_SUV__cT2_SUV_BMW,cT1_SUV,cT2_SUV_BMW,2
1578,30,cT1_SUV_not_cT2_BMW,cT1_SUV,cT2_BMW,0
1579,30,cT1_SUV__cT2_BMW,cT1_SUV,cT2_BMW,1
1580,30,not_cT1_SUV__cT2_BMW,cT1_SUV,cT2_BMW,2
1581,30,cT1_SUV_not_cT2_Sedan_Audi,cT1_SUV,cT2_Sedan_Audi,0
1582,30,cT1_SUV__cT2_Sedan_Audi,cT1_SUV,cT2_Sedan_Audi,1
1583,30,not_cT1_SUV__cT2_Sedan_Audi,cT1_SUV,cT2_Sedan_Audi,2
1584,30,cT1_SUV_not_cT2_SUV_Audi,cT1_SUV,cT2_SUV_Audi,0
1585,30,cT1_SUV__cT2_SUV_Audi,cT1_SUV,cT2_SUV_Audi,1
1586,30,not_cT1_SUV__cT2_SUV_Audi,cT1_SUV,cT2_SUV_Audi,2
1587,30,cT1_SUV_not_cT2_Audi,cT1_SUV,cT2_Audi,0
1588,30,cT1_SUV__cT2_Audi,cT1_SUV,cT2_Audi,1
1589,30,not_cT1_SUV__cT2_Audi,cT1_SUV,cT2_Audi,2
1590,30,cT1_Sedan_not_cT2_SUV_BMW,cT1_Sedan,cT2_SUV_BMW,0
1591,30,cT1_Sedan__cT2_SUV_BMW,cT1_Sedan,cT2_SUV_BMW,1
1592,30,not_cT1_Sedan__cT2_SUV_BMW,cT1_Sedan,cT2_SUV_BMW,2
1593,30,cT1_Sedan_not_cT2_BMW,cT1_Sedan,cT2_BMW,0
1594,30,cT1_Sedan__cT2_BMW,cT1_Sedan,cT2_BMW,1
1595,30,not_cT1_Sedan__cT2_BMW,cT1_Sedan,cT2_BMW,2
1596,30,cT1_Sedan_not_cT2_Sedan_Audi,cT1_Sedan,cT2_Sedan_Audi,0
1597,30,cT1_Sedan__cT2_Sedan_Audi,cT1_Sedan,cT2_Sedan_Audi,1
1598,30,not_cT1_Sedan__cT2_Sedan_Audi,cT1_Sedan,cT2_Sedan_Audi,2
1599,30,cT1_Sedan_not_cT2_SUV_Audi,cT1_Sedan,cT2_SUV_Audi,0
1600,30,cT1_Sedan__cT2_SUV_Audi,cT1_Sedan,cT2_SUV_Audi,1
1601,30,not_cT1_Sedan__cT2_SUV_Audi,cT1_Sedan,cT2_SUV_Audi,2
1602,30,cT1_Sedan_not_cT2_Audi,cT1_Sedan,cT2_Audi,0
1603,30,cT1_Sedan__cT2_Audi,cT1_Sedan,cT2_Audi,1
1604,30,not_cT1_Sedan__cT2_Audi,cT1_Sedan,cT2_Audi,2
1605,30,cT1_Sedan_Audi_not_cT2_SUV_BMW,cT1_Sedan_Audi,cT2_SUV_BMW,0
1606,30,cT1_Sedan_Audi__cT2_SUV_BMW,cT1_Sedan_Audi,cT2_SUV_BMW,1
1607,30,not_cT1_Sedan_Audi__cT2_SUV_BMW,cT1_Sedan_Audi,cT2_SUV_BMW,2
1608,30,cT1_Sedan_Audi_not_cT2_BMW,cT1_Sedan_Audi,cT2_BMW,0
1609,30,cT1_Sedan_Audi__cT2_BMW,cT1_Sedan_Audi,cT2_BMW,1
1610,30,not_cT1_Sedan_Audi__cT2_BMW,cT1_Sedan_Audi,cT2_BMW,2
1611,30,cT1_Sedan_Audi_not_cT2_Sedan_Audi,cT1_Sedan_Audi,cT2_Sedan_Audi,0
1612,30,cT1_Sedan_Audi__cT2_Sedan_Audi,cT1_Sedan_Audi,cT2_Sedan_Audi,1
1613,30,not_cT1_Sedan_Audi__cT2_Sedan_Audi,cT1_Sedan_Audi,cT2_Sedan_Audi,2
1614,30,cT1_Sedan_Audi_not_cT2_SUV_Audi,cT1_Sedan_Audi,cT2_SUV_Audi,0
1615,30,cT1_Sedan_Audi__cT2_SUV_Audi,cT1_Sedan_Audi,cT2_SUV_Audi,1
1616,30,not_cT1_Sedan_Audi__cT2_SUV_Audi,cT1_Sedan_Audi,cT2_SUV_Audi,2
1617,30,cT1_Sedan_Audi_not_cT2_Audi,cT1_Sedan_Audi,cT2_Audi,0
1618,30,cT1_Sedan_Audi__cT2_Audi,cT1_Sedan_Audi,cT2_Audi,1
1619,30,not_cT1_Sedan_Audi__cT2_Audi,cT1_Sedan_Audi,cT2_Audi,2
1620,31,cT1_Wagon_not_cT2_SUV_BMW,cT1_Wagon,cT2_SUV_BMW,0
1621,31,cT1_Wagon__cT2_SUV_BMW,cT1_Wagon,cT2_SUV_BMW,1
1622,31,not_cT1_Wagon__cT2_SUV_BMW,cT1_Wagon,cT2_SUV_BMW,2
1623,31,cT1_Wagon_not_cT2_BMW,cT1_Wagon,cT2_BMW,0
1624,31,cT1_Wagon__cT2_BMW,cT1_Wagon,cT2_BMW,1
1625,31,not_cT1_Wagon__cT2_BMW,cT1_Wagon,cT2_BMW,2
1626,31,cT1_Wagon_not_cT2_Audi,cT1_Wagon,cT2_Audi,0
1627,31,cT1_Wagon__cT2_Audi,cT1_Wagon,cT2_Audi,1
1628,31,not_cT1_Wagon__cT2_Audi,cT1_Wagon,cT2_Audi,2
1629,31,cT1_SUV_not_cT2_SUV_BMW,cT1_SUV,cT2_SUV_BMW,0
1630,31,cT1_SUV__cT2_SUV_BMW,cT1_SUV,cT2_SUV_BMW,1
1631,31,not_cT1_SUV__cT2_SUV_BMW,cT1_SUV,cT2_SUV_BMW,2
1632,31,cT1_SUV_not_cT2_BMW,cT1_SUV,cT2_BMW,0
1633,31,cT1_SUV__cT2_BMW,cT1_SUV,cT2_BMW,1
1634,31,not_cT1_SUV__cT2_BMW,cT1_SUV,cT2_BMW,2
1635,31,cT1_SUV_not_cT2_Sedan_Audi,cT1_SUV,cT2_Sedan_Audi,0
1636,31,cT1_SUV__cT2_Sedan_Audi,cT1_SUV,cT2_Sedan_Audi,1
1637,31,not_cT1_SUV__cT2_Sedan_Audi,cT1_SUV,cT2_Sedan_Audi,2
1638,31,cT1_SUV_not_cT2_SUV_Audi,cT1_SUV,cT2_SUV_Audi,0
1639,31,cT1_SUV__cT2_SUV_Audi,cT1_SUV,cT2_SUV_Audi,1
1640,31,not_cT1_SUV__cT2_SUV_Audi,cT1_SUV,cT2_SUV_Audi,2
1641,31,cT1_SUV_not_cT2_Audi,cT1_SUV,cT2_Audi,0
1642,31,cT1_SUV__cT2_Audi,cT1_SUV,cT2_Audi,1
1643,31,not_cT1_SUV__cT2_Audi,cT1_SUV,cT2_Audi,2
1644,31,cT1_Sedan_not_cT2_SUV_BMW,cT1_Sedan,cT2_SUV_BMW,0
1645,31,cT1_Sedan__cT2_SUV_BMW,cT1_Sedan,cT2_SUV_BMW,1
1646,31,not_cT1_Sedan__cT2_SUV_BMW,cT1_Sedan,cT2_SUV_BMW,2
1647,31,cT1_Sedan_not_cT2_BMW,cT1_Sedan,cT2_BMW,0
1648,31,cT1_Sedan__cT2_BMW,cT1_Sedan,cT2_BMW,1
1649,31,not_cT1_Sedan__cT2_BMW,cT1_Sedan,cT2_BMW,2
1650,31,cT1_Sedan_not_cT2_Sedan_Audi,cT1_Sedan,cT2_Sedan_Audi,0
1651,31,cT1_Sedan__cT2_Sedan_Audi,cT1_Sedan,cT2_Sedan_Audi,1
1652,31,not_cT1_Sedan__cT2_Sedan_Audi,cT1_Sedan,cT2_Sedan_Audi,2
1653,31,cT1_Sedan_not_cT2_SUV_Audi,cT1_Sedan,cT2_SUV_Audi,0
1654,31,cT1_Sedan__cT2_SUV_Audi,cT1_Sedan,cT2_SUV_Audi,1
1655,31,not_cT1_Sedan__cT2_SUV_Audi,cT1_Sedan,cT2_SUV_Audi,2
1656,31,cT1_Sedan_not_cT2_Audi,cT1_Sedan,cT2_Audi,0
1657,31,cT1_Sedan__cT2_Audi,cT1_Sedan,cT2_Audi,1
1658,31,not_cT1_Sedan__cT2_Audi,cT1_Sedan,cT2_Audi,2
1659,31,cT1_Sedan_Audi_not_cT2_SUV_BMW,cT1_Sedan_Audi,cT2_SUV_BMW,0
1660,31,cT1_Sedan_Audi__cT2_SUV_BMW,cT1_Sedan_Audi,cT2_SUV_BMW,1
1661,31,not_cT1_Sedan_Audi__cT2_SUV_BMW,cT1_Sedan_Audi,cT2_SUV_BMW,2
1662,31,cT1_Sedan_Audi_not_cT2_BMW,cT1_Sedan_Audi,cT2_BMW,0
1663,31,cT1_Sedan_Audi__cT2_BMW,cT1_Sedan_Audi,cT2_BMW,1
1664,31,not_cT1_Sedan_Audi__cT2_BMW,cT1_Sedan_Audi,cT2_BMW,2
1665,31,cT1_Sedan_Audi_not_cT2_Sedan_Audi,cT1_Sedan_Audi,cT2_Sedan_Audi,0
1666,31,cT1_Sedan_Audi__cT2_Sedan_Audi,cT1_Sedan_Audi,cT2_Sedan_Audi,1
1667,31,not_cT1_Sedan_Audi__cT2_Sedan_Audi,cT1_Sedan_Audi,cT2_Sedan_Audi,2
1668,31,cT1_Sedan_Audi_not_cT2_SUV_Audi,cT1_Sedan_Audi,cT2_SUV_Audi,0
1669,31,cT1_Sedan_Audi__cT2_SUV_Audi,cT1_Sedan_Audi,cT2_SUV_Audi,1
1670,31,not_cT1_Sedan_Audi__cT2_SUV_Audi,cT1_Sedan_Audi,cT2_SUV_Audi,2
1671,31,cT1_Sedan_Audi_not_cT2_Audi,cT1_Sedan_Audi,cT2_Audi,0
1672,31,cT1_Sedan_Audi__cT2_Audi,cT1_Sedan_Audi,cT2_Audi,1
1673,31,not_cT1_Sedan_Audi__cT2_Audi,cT1_Sedan_Audi,cT2_Audi,2
1674,32,cT1_Wagon_not_cT2_SUV_BMW,cT1_Wagon,cT2_SUV_BMW,0
1675,32,cT1_Wagon__cT2_SUV_BMW,cT1_Wagon,cT2_SUV_BMW,1
1676,32,not_cT1_Wagon__cT2_SUV_BMW,cT1_Wagon,cT2_SUV_BMW,2
1677,32,cT1_Wagon_not_cT2_BMW,cT1_Wagon,cT2_BMW,0
1678,32,cT1_Wagon__cT2_BMW,cT1_Wagon,cT2_BMW,1
1679,32,not_cT1_Wagon__cT2_BMW,cT1_Wagon,cT2_BMW,2
1680,32,cT1_Wagon_not_cT2_Audi,cT1_Wagon,cT2_Audi,0
1681,32,cT1_Wagon__cT2_Audi,cT1_Wagon,cT2_Audi,1
1682,32,not_cT1_Wagon__cT2_Audi,cT1_Wagon,cT2_Audi,2
1683,32,cT1_SUV_not_cT2_SUV_BMW,cT1_SUV,cT2_SUV_BMW,0
1684,32,cT1_SUV__cT2_SUV_BMW,cT1_SUV,cT2_SUV_BMW,1
1685,32,not_cT1_SUV__cT2_SUV_BMW,cT1_SUV,cT2_SUV_BMW,2
1686,32,cT1_SUV_not_cT2_BMW,cT1_SUV,cT2_BMW,0
1687,32,cT1_SUV__cT2_BMW,cT1_SUV,cT2_BMW,1
1688,32,not_cT1_SUV__cT2_BMW,cT1_SUV,cT2_BMW,2
1689,32,cT1_SUV_not_cT2_Sedan_Audi,cT1_SUV,cT2_Sedan_Audi,0
1690,32,cT1_SUV__cT2_Sedan_Audi,cT1_SUV,cT2_Sedan_Audi,1
1691,32,not_cT1_SUV__cT2_Sedan_Audi,cT1_SUV,cT2_Sedan_Audi,2
1692,32,cT1_SUV_not_cT2_SUV_Audi,cT1_SUV,cT2_SUV_Audi,0
1693,32,cT1_SUV__cT2_SUV_Audi,cT1_SUV,cT2_SUV_Audi,1
1694,32,not_cT1_SUV__cT2_SUV_Audi,cT1_SUV,cT2_SUV_Audi,2
1695,32,cT1_SUV_not_cT2_Audi,cT1_SUV,cT2_Audi,0
1696,32,cT1_SUV__cT2_Audi,cT1_SUV,cT2_Audi,1
1697,32,not_cT1_SUV__cT2_Audi,cT1_SUV,cT2_Audi,2
1698,32,cT1_Sedan_not_cT2_SUV_BMW,cT1_Sedan,cT2_SUV_BMW,0
1699,32,cT1_Sedan__cT2_SUV_BMW,cT1_Sedan,cT2_SUV_BMW,1
1700,32,not_cT1_Sedan__cT2_SUV_BMW,cT1_Sedan,cT2_SUV_BMW,2
1701,32,cT1_Sedan_not_cT2_BMW,cT1_Sedan,cT2_BMW,0
1702,32,cT1_Sedan__cT2_BMW,cT1_Sedan,cT2_BMW,1
1703,32,not_cT1_Sedan__cT2_BMW,cT1_Sedan,cT2_BMW,2
1704,32,cT1_Sedan_not_cT2_Sedan_Audi,cT1_Sedan,cT2_Sedan_Audi,0
1705,32,cT1_Sedan__cT2_Sedan_Audi,cT1_Sedan,cT2_Sedan_Audi,1
1706,32,not_cT1_Sedan__cT2_Sedan_Audi,cT1_Sedan,cT2_Sedan_Audi,2
1707,32,cT1_Sedan_not_cT2_SUV_Audi,cT1_Sedan,cT2_SUV_Audi,0
1708,32,cT1_Sedan__cT2_SUV_Audi,cT1_Sedan,cT2_SUV_Audi,1
1709,32,not_cT1_Sedan__cT2_SUV_Audi,cT1_Sedan,cT2_SUV_Audi,2
1710,32,cT1_Sedan_not_cT2_Audi,cT1_Sedan,cT2_Audi,0
1711,32,cT1_Sedan__cT2_Audi,cT1_Sedan,cT2_Audi,1
1712,32,not_cT1_Sedan__cT2_Audi,cT1_Sedan,cT2_Audi,2
1713,32,cT1_Sedan_Audi_not_cT2_SUV_BMW,cT1_Sedan_Audi,cT2_SUV_BMW,0
1714,32,cT1_Sedan_Audi__cT2_SUV_BMW,cT1_Sedan_Audi,cT2_SUV_BMW,1
1715,32,not_cT1_Sedan_Audi__cT2_SUV_BMW,cT1_Sedan_Audi,cT2_SUV_BMW,2
1716,32,cT1_Sedan_Audi_not_cT2_BMW,cT1_Sedan_Audi,cT2_BMW,0
1717,32,cT1_Sedan_Audi__cT2_BMW,cT1_Sedan_Audi,cT2_BMW,1
1718,32,not_cT1_Sedan_Audi__cT2_BMW,cT1_Sedan_Audi,cT2_BMW,2
1719,32,cT1_Sedan_Audi_not_cT2_Sedan_Audi,cT1_Sedan_Audi,cT2_Sedan_Audi,0
1720,32,cT1_Sedan_Audi__cT2_Sedan_Audi,cT1_Sedan_Audi,cT2_Sedan_Audi,1
1721,32,not_cT1_Sedan_Audi__cT2_Sedan_Audi,cT1_Sedan_Audi,cT2_Sedan_Audi,2
1722,32,cT1_Sedan_Audi_not_cT2_SUV_Audi,cT1_Sedan_Audi,cT2_SUV_Audi,0
1723,32,cT1_Sedan_Audi__cT2_SUV_Audi,cT1_Sedan_Audi,cT2_SUV_Audi,1
1724,32,not_cT1_Sedan_Audi__cT2_SUV_Audi,cT1_Sedan_Audi,cT2_SUV_Audi,2
1725,32,cT1_Sedan_Audi_not_cT2_Audi,cT1_Sedan_Audi,cT2_Audi,0
1726,32,cT1_Sedan_Audi__cT2_Audi,cT1_Sedan_Audi,cT2_Audi,1
1727,32,not_cT1_Sedan_Audi__cT2_Audi,cT1_Sedan_Audi,cT2_Audi,2
